"""Company History""",Company History,
"""Parent"" signifies the parent table in which this row must be added",Parent signifies the parent table in which this row must be added,
"""Team Members"" or ""Management""","""Team Members or """"Management""""""",
"""amended_from"" field must be present to do an amendment.",amended_from field must be present to do an amendment.,
"""{0}"" is not a valid Google Sheets URL",{0} is not a valid Google Sheets URL,
#{0},#{0},
${values.doctype_name} has been added to queue for optimization,${values.doctype_name} has been added to queue for optimisation,
&copy; Frappe Technologies Pvt. Ltd. and contributors,&copy; Frappe Technologies Pvt. Ltd. and contributors,
&lt;head&gt; HTML,&lt;head&gt; HTML,
'In Global Search' is not allowed for field {0} of type {1},'In Global Search' is not allowed for field {0} of type {1},
'In Global Search' not allowed for type {0} in row {1},'In Global Search' not allowed for type {0} in row {1},
'In List View' is not allowed for field {0} of type {1},'In List View' is not allowed for field {0} of type {1},
'In List View' not allowed for type {0} in row {1},'In List View' not allowed for type {0} in row {1},
'Recipients' not specified,'Recipients' not specified,
'{0}' is not a valid URL,'{0}' is not a valid URL,
'{0}' not allowed for type {1} in row {2},'{0}' not allowed for type {1} in row {2},
(Mandatory),(Mandatory),
** Failed: {0} to {1}: {2},** Failed: {0} to {1}: {2},
+ Add / Remove Fields,+ Add / Remove Fields,
0 - Draft; 1 - Submitted; 2 - Cancelled,0 - Draft; 1 - Submitted; 2 - Cancelled,
0 is highest,0 is highest,
1 = True & 0 = False,1 = True & 0 = False,
"1 Currency = [?] Fraction
For e.g. 1 USD = 100 Cent","1 Currency = [?] Fraction
For e.g. 1 AUD = 100 Cent",
1 Day,1 Day,
1 Google Calendar Event synced.,1 Google Calendar Event synced.,
1 Report,1 Report,
1 comment,1 comment,
1 day ago,1 day ago,
1 hour,1 hour,
1 hour ago,1 hour ago,
1 minute ago,1 minute ago,
1 month ago,1 month ago,
1 of 2,1 of 2,
1 record will be exported,1 record will be exported,
1 second ago,1 second ago,
1 week ago,1 week ago,
1 year ago,1 year ago,
2 hours ago,2 hours ago,
2 months ago,2 months ago,
2 weeks ago,2 weeks ago,
2 years ago,2 years ago,
3 minutes ago,3 minutes ago,
30 minutes,30 minutes,
4 hours,4 hours,
5 Records,5 Records,
5 days ago,5 days ago,
; not allowed in condition,; not allowed in condition,
<b>{0}</b> is not a valid URL,<b>{0}</b> is not a valid URL,
"<div class=""alert"">Please don't update it as it can mess up your form. Use the Customize Form View and Custom Fields to set properties!</div>","""<div class=""""alert"""">Please don't update it as it can mess up your form. Use the Customise Form View and Custom Fields to set properties!</div>""",
"<div class=""well"">
    Edit list of Series in the box. Rules:
    <ul>
        <li>Each Series Prefix on a new line.</li>
        <li>Allowed special characters are ""/"" and ""-""</li>
        <li>
            Optionally, set the number of digits in the series using dot (.)
            followed by hashes (#). For example, "".####"" means that the series
            will have four digits. Default is five digits.
        </li>
        <li>
            You can also use variables in the series name by putting them
            between (.) dots
            <br>
            Supported Variables:
            <ul>
                <li><code>.YYYY.</code> - Year in 4 digits</li>
                <li><code>.YY.</code> - Year in 2 digits</li>
                <li><code>.MM.</code> - Month</li>
                <li><code>.DD.</code> - Day of month</li>
                <li><code>.WW.</code> - Week of the year</li>
                <li>
                    <code>.{fieldname}.</code> - fieldname on the document e.g.
                    <code>branch</code>
                </li>
                <li><code>.FY.</code> - Fiscal Year (requires ERPNext to be installed)</li>
                <li><code>.ABBR.</code> - Company Abbreviation (requires ERPNext to be installed)</li>
            </ul>
        </li>
    </ul>
    Examples:
    <ul>
        <li>INV-</li>
        <li>INV-10-</li>
        <li>INVK-</li>
        <li>INV-.YYYY.-.{branch}.-.MM.-.####</li>
    </ul>
</div>
<br>
","""<div class=""""well"""">
    Edit list of Series in the box. Rules:
    <ul>
        <li>Each Series Prefix on a new line.</li>
        <li>Allowed special characters are """"/"""" and """"-""""</li>
        <li>
            Optionally set the number of digits in the series using dot (.</li>""",
"<h3>Print Format Help</h3>
<hr>
<h4>Introduction</h4>
<p>Print Formats are rendered on the server side using the Jinja Templating Language. All forms have access to the <code>doc</code> object which contains information about the document that is being formatted. You can also access common utilities via the <code>frappe</code> module.</p>
<p>For styling, the Boostrap CSS framework is provided and you can enjoy the full range of classes.</p>
<hr>
<h4>References</h4>
<ol>
	<li><a href=""http://jinja.pocoo.org/docs/templates/"" target=""_blank"">Jinja Templating Language</a></li>
	<li><a href=""http://getbootstrap.com"" target=""_blank"">Bootstrap CSS Framework</a></li>
</ol>
<hr>
<h4>Example</h4>
<pre><code>&lt;h3&gt;{{ doc.select_print_heading or ""Invoice"" }}&lt;/h3&gt;
&lt;div class=""row""&gt;
	&lt;div class=""col-md-3 text-right""&gt;Customer Name&lt;/div&gt;
	&lt;div class=""col-md-9""&gt;{{ doc.customer_name }}&lt;/div&gt;
&lt;/div&gt;
&lt;div class=""row""&gt;
	&lt;div class=""col-md-3 text-right""&gt;Date&lt;/div&gt;
	&lt;div class=""col-md-9""&gt;{{ doc.get_formatted(""invoice_date"") }}&lt;/div&gt;
&lt;/div&gt;
&lt;table class=""table table-bordered""&gt;
	&lt;tbody&gt;
		&lt;tr&gt;
			&lt;th&gt;Sr&lt;/th&gt;
			&lt;th&gt;Item Name&lt;/th&gt;
			&lt;th&gt;Description&lt;/th&gt;
			&lt;th class=""text-right""&gt;Qty&lt;/th&gt;
			&lt;th class=""text-right""&gt;Rate&lt;/th&gt;
			&lt;th class=""text-right""&gt;Amount&lt;/th&gt;
		&lt;/tr&gt;
		{%- for row in doc.items -%}
		&lt;tr&gt;
			&lt;td style=""width: 3%;""&gt;{{ row.idx }}&lt;/td&gt;
			&lt;td style=""width: 20%;""&gt;
				{{ row.item_name }}
				{% if row.item_code != row.item_name -%}
				&lt;br&gt;Item Code: {{ row.item_code}}
				{%- endif %}
			&lt;/td&gt;
			&lt;td style=""width: 37%;""&gt;
				&lt;div style=""border: 0px;""&gt;{{ row.description }}&lt;/div&gt;&lt;/td&gt;
			&lt;td style=""width: 10%; text-align: right;""&gt;{{ row.qty }} {{ row.uom or row.stock_uom }}&lt;/td&gt;
			&lt;td style=""width: 15%; text-align: right;""&gt;{{
				row.get_formatted(""rate"", doc) }}&lt;/td&gt;
			&lt;td style=""width: 15%; text-align: right;""&gt;{{
				row.get_formatted(""amount"", doc) }}&lt;/td&gt;
		&lt;/tr&gt;
		{%- endfor -%}
	&lt;/tbody&gt;
&lt;/table&gt;</code></pre>
<hr>
<h4>Common Functions</h4>
<table class=""table table-bordered"">
	<tbody>
		<tr>
			<td style=""width: 30%;""><code>doc.get_formatted(""[fieldname]"", [parent_doc])</code></td>
			<td>Get document value formatted as Date, Currency, etc. Pass parent <code>doc</code> for currency type fields.</td>
		</tr>
		<tr>
			<td style=""width: 30%;""><code>frappe.db.get_value(""[doctype]"", ""[name]"", ""fieldname"")</code></td>
			<td>Get value from another document.</td>
		</tr>
	</tbody>
</table>
","""<h4>Contract Template Example</h4>\
|<pre>Contract for Customer {{ party_name }}\
|-Valid From : {{ start_date }} 
-Valid To : {{ end_date }}
</pre>\
|<h4>How to get fieldnames</h4>\
|<p>The field names you can use in your Contract Template are the fields in the Contract for which you are creating the template. You can find out the fields of any documents via Setup &gt; Customise Form View and selecting the document type (e.g. Contract)</p>\
|<h4>Templating</h4>\
|<p>Templates are compiled using the Jinja Templating Language. To learn more about Jinja	 <a class=""""strong"""" href=""""http://jinja.pocoo.org/docs/dev/templates/"""">read this documentation.</a></p>""",
"<h4>Default Template</h4>
<p>Uses <a href=""http://jinja.pocoo.org/docs/templates/"">Jinja Templating</a> and all the fields of Address (including Custom Fields if any) will be available</p>
<pre><code>{{ address_line1 }}&lt;br&gt;
{% if address_line2 %}{{ address_line2 }}&lt;br&gt;{% endif -%}
{{ city }}&lt;br&gt;
{% if state %}{{ state }}&lt;br&gt;{% endif -%}
{% if pincode %} PIN:  {{ pincode }}&lt;br&gt;{% endif -%}
{{ country }}&lt;br&gt;
{% if phone %}Phone: {{ phone }}&lt;br&gt;{% endif -%}
{% if fax %}Fax: {{ fax }}&lt;br&gt;{% endif -%}
{% if email_id %}Email: {{ email_id }}&lt;br&gt;{% endif -%}
</code></pre>",```,
"<h5 class=""text-muted uppercase"">Or</h5>",<table class='table table-bordered'><tr><th>{0}</th><th>{1}</th></tr>,
"<p><strong>Condition Examples:</strong></p>
<pre>doc.status==""Open""<br>doc.due_date==nowdate()<br>doc.total &gt; 40000
</pre>",A Holiday List can be added to exclude counting these days for the Workstation.,
"<p><strong>Condition Examples:</strong></p>
<pre>doc.status==""Open""<br>doc.due_date==nowdate()<br>doc.total &gt; 40000
</pre>
",A Job Requisition for {0} requested by {1} already exists: {2}.,
"<p>Multiple webforms can be created for a single doctype. Add filters specific to this webform to display correct record after submission.</p><p>For Example:</p>
<p>If you create a separate webform every year to capture feedback from employees add a 
 field named year in doctype and add a filter <b>year = 2023</b></p>
",A Packing Slip can only be created for Draft Delivery Note.,
"<p>Set context before rendering a template. Example:</p><p>
</p><div><pre><code>
context.project = frappe.get_doc(""Project"", frappe.form_dict.name)
</code></pre></div>","""A Price List is a collection of Item Prices, either Selling, Buying, or both.""",
"<p>To interact with above HTML you will have to use `root_element` as a parent selector.</p><p>For example:</p><pre class=""p-3 bg-gray-100 border-radius rounded-sm mb-0"" style=""width: fit-content;""><code>// here root_element is provided by default
let some_class_element = root_element.querySelector('.some-class');
some_class_element.textContent = ""New content"";
</code></pre>","""A Product or a Service that is bought, sold, or kept in stock.""",
"<p>Your OTP secret on {0} has been reset. If you did not perform this reset and did not request it, please contact your System Administrator immediately.</p>",A Reconciliation Job {0} is running for the same filters. Cannot reconcile now.,
<strong>Warning:</strong> This field is system generated and may be overwritten by a future update. Modify it using {0} instead.,A file with the same name {} already exists.,
"A DocType's name should start with a letter and can only consist of letters, numbers, spaces, underscores and hyphens",A recurring {0} {1} has been created for you via Auto Repeat {2}.,
A featured post must have a cover image,A3,
A field with the name {0} already exists in {1},A4,
A file with same name {} already exists,A5,
A list of resources which the Client App will have access to after the user allows it.<br> e.g. project,A7,
A new account has been created for you at {0},A9,
A recurring {0} {1} has been created for you via Auto Repeat {2}.,AB-,
A symbol for this currency. For e.g. $,ACC-ADS-.YYYY.-,
A template already exists for field {0} of {1},ACC-AML-.YYYY.-,
A word by itself is easy to guess.,ACC-ASR-.YYYY.-,
A0,ACC-PAY-.YYYY.-,
A1,ACC-PINV-.YYYY.-,
A2,ACC-PINV-RET-.YYYY.-,
A3,ACC-PRQ-.YYYY.-,
A4,ACC-PSINV-.YYYY.-,
A5,ACC-SH-.YYYY.-,
A6,ACC-SINV-.YYYY.-,
A7,ACC-SINV-RET-.YYYY.-,
A8,ALL,
A9,AMC Expiry Date,
ALL,About Us,
API,About Us Team Member,
API Access,About {0} minute remaining.,
API Endpoint,About {0} seconds remaining.,
API Endpoint Args,Above 120 Days,
API Key,Absent,
API Key and Secret to interact with the relay server. These will be auto-generated when the first push notification is sent from any of the apps installed on this site.,Absent Days,
API Key cannot be regenerated,Absent Records,
API Method,Academics User,
API Secret,Acceptance Criteria Formula,
ASC,Acceptance Criteria Value,
About,Access Key,
About Us,Access Key ID,
About Us Settings,Access Key Secret,
About Us Team Member,Access Key is required for Service Provider: {0}.,
About {0} minute remaining,Access Log,
About {0} minutes remaining,Access Token,
About {0} seconds remaining,Access Token URL,
Access Control,Account Manager,
Access Key ID,Account Name,
Access Key Secret,Account No,
Access Log,Account Number,
Access Token,Account Number {0} already used in account {1}.,
Access Token URL,Account Opening Balance,
Access not allowed from this IP Address,Account Paid From,
Account,Account Subtype,
Account Deletion Settings,Account is mandatory to get payment entries.,
Accounts Manager,Action If Same Rate is Not Maintained,
Accounts User,Action if Same Rate is Not Maintained Throughout Sales Cycle,
Action,Activity,
Action / Route,Activity Cost,
Action Complete,Activity Cost exists for Employee {0} against Activity Type - {1},
Action Failed,Activity Cost per Employee,
Action Label,Actual Amount,
Action Timeout (Seconds),Actual Balance Qty,
Action Type,Actual Batch Quantity,
Action {0} completed successfully on {1} {2}. View it {3},Actual Operating Cost,
Action {0} failed on {1} {2}. View it {3},Actual Operation Time,
Actions,Actual Posting,
Activate,Actual Qty (at source/target),
Active,Actual Qty in Warehouse,
Active Directory,Actual Qty is mandatory,
Active Domains,Actual Qty {0} / Waiting Qty {1},
Active Sessions,Actual Quantity,
Activity,Actual Start Time,
Activity Log,Actual balances aren't available because the leave application spans over different leave allocations. You can still apply for leaves which would be compensated during the next allocation.,
Add,Add Items,
Add / Remove Columns,Add Lead to Prospect,
Add / Update,Add Leads,
Add A New Rule,Add Local Holidays,
Add Attachment,Add Manually,
Add Background Image,Add Multiple,
Add Border at Bottom,Add Multiple Tasks,
Add Border at Top,Add New,
Add Card to Dashboard,Add New Permission Rule,
Add Chart to Dashboard,Add Or Deduct,
Add Child,Add Order Discount,
Add Column,Add Participants,
Add Contact,Add Raw Materials,
Add Contacts,Add Review,
Add Container,Add Roles,
Add Custom Tags,Add Sales Partners,
Add Filters,Add Stock,
Add Gray Background,Add Sub Assembly,
Add Group,Add Subscribers,
Add Indexes,Add Suppliers,
Add Multiple,Add Video Conferencing,
Add New,Add a Filter,
Add New Permission Rule,Add a New Role,
Add Participants,Add a comment,
Add Query Parameters,Add a new section,
Add Review,Add a row at the top,
Add Roles,Add a row below the current row,
Add Row,Add a {0} Chart,
Add Signature,Add new tab,
Add Space at Bottom,Add or Deduct,
Add Space at Top,Add page break,
Add Subscribers,Add section below,
Add Tags,Add the rest of your organisation as your users. You can also invite customers to your portal by adding them from Contacts,
Add Template,Add to Dashboard,
Add Total Row,Add to Holidays,
Add Translate Data,Add to Prospect,
Add Unsubscribe Link,Add to ToDo,
Add User Permissions,Add to Transit,
Add Video Conferencing,Add to table,
Add a Filter,Add unused leaves from previous allocations,
Add a New Role,Add unused leaves from previous leave period's allocation to this allocation,
Add a Row,Add/Edit Coupon Conditions,
Add a comment,Add/Update Filter,
Add a new section,Added,
Add a row above the current row,Added By,
Add a row at the bottom,Added HTML in the &lt;head&gt; section of the web page primarily used for website verification and SEO,
Add a row at the top,Added On,
Add a row below the current row,Added Supplier Role to User {0}.,
Add a {0} Chart,Added default log doctypes: {},
Add column,Added tax components from the Salary Component master as the salary structure didn't have any tax component.,
Add field,Added {0},
Add new tab,Added {1} Role to User {0}.,
Add page break,Additional,
Add script for Child Table,Additional Amount,
Add section above,Additional Asset Cost,
Add section below,Additional Cost,
Add tab,Additional Cost Per Qty,
Add to Dashboard,Additional Data,
Add to ToDo,Additional Discount Amount (Company Currency),
Add to table,Additional Info,
Add to this activity by mailing to {0},Additional Information,
Add {0},Additional Operating Cost,Primary action in list view
Add/Update Filter,Additional Permissions,
Added,Additional Salary,
"Added HTML in the &lt;head&gt; section of the web page, primarily used for website verification and SEO",Additional Salary for referral bonus can only be created against Employee Referral with status {0},
Added default log doctypes: {},Additional information regarding the customer.,
Added {0},Address Title,
Added {0} ({1}),Address Title is mandatory.,
Additional Permissions,Advance,
Address,Advance Payment Ledger Entry,
Address And Contacts,Advance Reconciliation Takes Effect On,
Address Line 1,Advance amount,
Address Line 2,Advance amount cannot be greater than {0} {1},
Address Template,Advance payments allocated against orders will only be fetched,
Address Title,Advanced,
Address Title is mandatory.,Advanced Control,
Address Type,Advanced Filters,
Address and other legal information you may want to put in the footer.,Advances,
Addresses,After Delete,
Addresses And Contacts,After Discard,
Adds a custom client script to a DocType,After Insert,
Adds a custom field to a DocType,After Rename,
Administration,After Submit,
Administrator,Against Account,
Administrator Logged In,Against Blanket Order,
Administrator accessed {0} on {1} via IP Address {2}.,Against Customer Order {0},
Administrator can't follow,Against Default Supplier,
Advanced,Against Voucher Type,
Advanced Control,Age,
Advanced Search,Age ({0}),
Advanced Settings,Ageing Based On,
After,Agenda,
After Cancel,Agent Busy Message,
After Delete,Agent Details,
After Discard,Agent Group,
After Insert,Agent Unavailable Message,
After Rename,Agents,
After Save,Aggregate Field is required to create a number card,
After Save (Submitted Document),Aggregate Function Based On,
After Submission,Aggregate Function field is required to create a dashboard chart,
After Submit,Aggregate a group of Items into another Item. This is useful if you are maintaining the stock of the packed items and not the bundled item,
Aggregate Field is required to create a number card,All Time,
Aggregate Function Based On,All Warehouses,
Aggregate Function field is required to create a dashboard chart,All allocated assets should be returned before submission,
Alert,All fields are necessary to submit the comment.,
Align,All items have already been Invoiced/Returned,
Align Labels to the Right,All items have already been received,
Align Right,All items have already been transferred for this Work Order.,
Align Value,All items in this document already have a linked Quality Inspection.,
All,"""All possible Workflow States and roles of the workflow. Docstatus Options: 0 is """"Saved""""  1 is """"Submitted"""" and 2 is """"Cancelled""""""",
All Day,Allocate Advances Automatically (FIFO),
All Images attached to Website Slideshow should be public,Allocate Payment Amount,
All Records,Allocated Amount,
All Results,Allocated Entries,
All Submissions,Allocated amount,
All Time,Allocating Leave,
All customizations will be removed. Please confirm.,Allow Zero Rate,
All fields are necessary to submit the comment.,Allow Zero Valuation Rate,
"All possible Workflow States and roles of the workflow. Docstatus Options: 0 is ""Saved"", 1 is ""Submitted"" and 2 is ""Cancelled""",Allow editing after submit,
All-uppercase is almost as easy to guess as all-lowercase.,Allow material consumptions without immediately manufacturing finished goods against a Work Order,
Allocated To,Allow user to login only before this hour (0-24),
Allot Points To Assigned Users,Allowed embedding domains,
Allow,Allowing DocType DocType. Be careful!,
Allow API Indexing Access,Allows allocating more leaves than the number of days in the allocation period.,
Allow Auto Repeat,Already in the following Users ToDo list:{0},
Allow Bulk Edit,Already record exists for the item {0},
Allow Bulk Editing,Already set default in pos profile {0} for user {1} kindly disabled default,
Allow Dropbox Access,Alternate Item,
Allow Google Calendar Access,Alternative Items,
Allow Google Contacts Access,Alternative item must not be same as item code,
Allow Google Drive Access,Alternatively you can download the template and fill your data in.,
Allow Guest,Always BCC Address,
Allow Guest to View,"""Always add """"Draft"""" Heading for printing draft documents""",
Allow Guest to comment,Always use this email address as sender address,
Allow Guests to Upload Files,Always use this name as sender name,
Allow Import (via Data Import Tool),Amend,
Allow Login After Fail,Amendment naming rules updated.,
Allow Login using Mobile Number,Amount,
Allow Login using User Name,Amount (AUD),
Allow Modules,Amount Delivered,
Allow Older Web View Links (Insecure),Amount in Account Currency,
Allow Print for Cancelled,Amount must be greater than 0.,
Allow Print for Draft,Amount of expense,
Allow Read On All Link Options,Amount to Bill,
Allow Rename,Amount {0} {1} against {2} {3},
Allow Roles,Amounts,
Allow Self Approval,An error has occurred while reposting item valuation via {0},
Allow Sending Usage Data for Improving Applications,An error occurred during the payment process. Please contact us.,
Allow approval for creator of the document,Annual Allocation,
Allow comments,Annual Billing: {0},
Allow delete,Annual Expenses,
Allow document creation via Email,Annual Income,
Allow editing after submit,Annual Revenue,
Allow events in timeline,Annual Taxable Amount,
Allow in Quick Entry,Anonymous responses,
Allow incomplete forms,Another Budget record '{0}' already exists against {1} '{2}' and account '{3}' for fiscal year {4},
Allow multiple responses,Another Sales Person {0} exists with the same Employee id,
Allow on Submit,Another transaction is blocking this one. Please try again in a few seconds.,
Allow only one session per user,Another {0} with name {1} exists select another name,
Allow page break inside tables,Any one of the following filters required: warehouse Item Code Item Group,
Allow print,Any other details,
Allow saving if mandatory fields are not filled,Any other remarks noteworthy effort that should go in the records,
Allow sending usage data for improving applications,Any string-based printer languages can be used. Writing raw commands requires knowledge of the printer's native language provided by the printer manufacturer. Please refer to the developer manual provided by the printer manufacturer on how to write their native commands. These commands are rendered on the server side using the Jinja Templating Language.,
Allow user to login only after this hour (0-24),App Client Secret,
Allow user to login only before this hour (0-24),App ID,
"Allow users to log in without a password, using a login link sent to their email",App Logo,
Allowed,App Name,
Allowed File Extensions,App {0} is not installed,
Allowed In Mentions,Append Emails to Sent Folder,
Allowed Modules,Append To,
Allowed Roles,Append To can be one of {0},
Allowed embedding domains,Applicable Charges,
"Allowing DocType, DocType. Be careful!",Applicable Document Types,
Already Registered,Applicable Modules,
Already in the following Users ToDo list:{0},Applicable On Account,
Also adding the dependent currency field {0},Applicable To (Role),
Also adding the status dependency field {0},Applicable To (User),
Alternative Email ID,Applicable for external driver,
Always BCC Address,Applicable on Purchase Order,
"Always add ""Draft"" Heading for printing draft documents",Applicable on booking actual expenses,
Always use this email address as sender address,Applicant Email Address,
Always use this name as sender name,Applicant Name,
Amend,Applicant Rating,
Amend Counter,Applicant for a Job,
Amended Document Naming Settings,Applicant name,
Amended Documents,Application Logo,
Amended From,Application Name,
Amending,Application Status,Freeze message while amending a document
Amendment Naming Override,Application Version,
Amendment Not Allowed,Application of Funds (Assets),
Amendment naming rules updated.,Application period cannot be across two allocation records,
An error occurred while setting Session Defaults,Apply restriction on dimension values,
An icon file with .ico extension. Should be 16 x 16 px. Generated using a favicon generator. [favicon-generator.org],Apply this rule if the User is the Owner,
An unexpected error occurred while authorizing {}.,Apply this rule only once per document,
Analytics,Apply to Document,
Ancestors Of,Apply to all Documents Types,
Announcement Widget,Applying: {0},
Announcements,Appointment,
Annual,Appointment Booking Settings,
Anonymization Matrix,Appointment Letter content,
Anonymous responses,Appointment Scheduling Disabled,
Another transaction is blocking this one. Please try again in a few seconds.,Appraisal Cycle,
"Another {0} with name {1} exists, select another name",Appraisal Goal,
Any string-based printer languages can be used. Writing raw commands requires knowledge of the printer's native language provided by the printer manufacturer. Please refer to the developer manual provided by the printer manufacturer on how to write their native commands. These commands are rendered on the server side using the Jinja Templating Language.,Appraisal Template,
"Apart from System Manager, roles with Set User Permissions right can set permissions for other users for that Document Type.",Appraisal Template Goal,
App,Appraisal Template Missing,
App Access Key,Appraisal Template Title,
App Access Key and/or Secret Key are not present.,Appraisal Template not found for some designations.,
App Client ID,Appraisal creation is queued. It may take a few minutes.,
App Client Secret,Appraisal {0} already exists for Employee {1} for this Appraisal Cycle or overlapping period,
App ID,Appraisal {0} does not belong to Employee {1},
App Logo,Appraisee,
App Name,Appraisees: {0},
App Secret Key,Appreciate,
App not found for module: {0},Appreciation,
App {0} is not installed,Apprentice,
Append Emails to Sent Folder,Approval,
Append To,Approval Required,
Append To can be one of {0},Approval Status,
"Append as communication against this DocType (must have fields: ""Sender"" and ""Subject""). These fields can be defined in the email settings section of the appended doctype.",Approval Status must be 'Approved' or 'Rejected',
Applicable Document Types,Approver,
Applicable For,Approving Role (above authorised value),
Application Logo,Are you sure you want to generate a new report?,
Application Name,Are you sure you want to merge {0} with {1}?,
Application Version,Are you sure you want to re-enable the scheduler?,
Applied On,Are you sure you want to save this document?,
Apply,As on Date,
Apply Assignment Rule,"""As per your request, your account and data on {0} associated with email {1} have been permanently deleted.""",Button in list view actions menu
Apply Filters,"""As there is negative stock, you cannot enable {0}.""",
Apply Only Once,"""As {0} is enabled, you cannot enable {1}.""",
Apply Strict User Permissions,Asset Capitalisation Stock Item,
Apply To,Asset Category is mandatory for Fixed Asset item.,
Apply To All Document Types,Asset Depreciation Cost Centre,
Apply User Permission On,Asset Depreciation Details,
Apply document permissions,Asset Depreciation Ledger,
Apply this rule if the User is the Owner,Asset Depreciation Schedule for Asset {0} and Finance Book {1} is not using shift-based depreciation.,
Apply this rule only once per document,Asset Depreciation Schedule not found for Asset {0} and Finance Book {1}.,
Apply to all Documents Types,"""Asset Depreciation Schedules created:<br>{0}<br><br>Please check, edit if needed, and submit the Asset.""",
Applying: {0},Asset Depreciations and Balances,
Appreciate,Asset cancelled,
Appreciation,Asset cannot be cancelled as it is already {0}.,
Approval Required,Asset created,
Apps,Asset sold,
Ar,Asset transferred to Location {0}.,Number system
Archive,Asset updated after being split into Asset {0}.,
Archived,Asset updated after cancellation of Asset Repair {0}.,
Archived Columns,Asset updated after completion of Asset Repair {0}.,
Are you sure you want to clear the assignments?,Asset {0} cannot be scrapped as it is already {1}.,
Are you sure you want to delete all rows?,Asset {0} does not belong to Item {1}.,
Are you sure you want to delete the attachment?,Asset {0} does not belong to the custodian {1}.,
Are you sure you want to delete the column? All the fields in the column will be moved to the previous column.,Asset {0} does not belong to the location {1}.,Confirmation dialog message
Are you sure you want to delete the section? All the columns along with fields in the section will be moved to the previous section.,Asset {0} does not exist.,Confirmation dialog message
Are you sure you want to delete the tab? All the sections along with fields in the tab will be moved to the previous tab.,Asset {0} has been created. Please set the depreciation details if any and submit it.,Confirmation dialog message
Are you sure you want to discard the changes?,Asset {assets_link} created for {item_code}.,
Are you sure you want to generate a new report?,Asset's value adjusted after cancellation of Asset Value Adjustment {0}.,
Are you sure you want to merge {0} with {1}?,Asset's value adjusted after submission of Asset Value Adjustment {0}.,
Are you sure you want to proceed?,Assets,
Are you sure you want to re-enable scheduler?,Assets Allocated,
Are you sure you want to relink this communication to {0}?,Assets {assets_link} created for {item_code}.,
Are you sure you want to remove all failed jobs?,Assign Condition,
Are you sure you want to remove the {0} filter?,Assign Job to Employee,
Are you sure you want to reset all customizations?,Assign Salary Structure to {0} employee(s)?,
Are you sure you want to save this document?,Assign Shift Schedule,
Are you sure you want to send this newsletter now?,Assign Structure,
Are you sure?,Assign To,
Arguments,Assign a user,
Arial,"""Assign one by one, in sequence""",
"As a best practice, do not assign the same set of permission rule to different Roles. Instead, set multiple Roles to the same User.",Assign to the user set in this field,
"As document sharing is disabled, please give them the required permissions before assigning.",Assigned,
"As per your request, your account and data on {0} associated with email {1} has been permanently deleted",Assigned To/Owner,
Assign Condition,Attributes.,
Assign To,Auditor.,Button in list view actions menu
Assign To User Group,Aug.,
Assign To Users,Auth URL Data.,
Assign a user,Authenticate as Service Principal.,
"Assign one by one, in sequence",Authentication.,
Assign to me,Authentication Failed.,
Assign to the one who has the least assignments,Authentication failed while receiving emails from Email Account: {0}.,
Assign to the user set in this field,Author.,
Assigned,Authorised By.,
Assigned By,Authorization Code.,
Assigned By Full Name,Authorization Control.,
Assigned To,Authorization Rule.,
Assigned To/Owner,Authorization URI.,
Assigning...,Authorize Google Calendar Access.,
Assignment,Authorize Google Contacts Access.,
Assignment Completed,Authorize Google Drive Access.,
Assignment Days,Authorized.,
Assignment Rule,Authorized Signatory.,
Assignment Rule Day,Authorized Value.,
Assignment Rule User,Authors.,
Assignment Rule is not allowed on document type {0},Authors / Maintainers.,
Assignment Rules,Auto.,
Assignment Update on {0},Auto Attendance Settings.,
Assignment for {0} {1},Auto Create Exchange Rate Revaluation.,
Assignment of {0} removed by {1},Auto Create Purchase Receipt.,
Assignments,Auto Create Serial and Batch Bundle For Outward.,
At least one column is required to show in the grid.,Auto Insert Item Price If Missing.,
At least one field is required in Web Form Fields Table,Auto Leave Encashment.,
At least one field of Parent Document Type is mandatory,Auto Material Request.,
Attach,Auto Repeat Schedule.,
Attach Document Print,Auto Reply.,
Attach Image,Auto Reply Message.,
Attach Package,Auto Reserve Serial and Batch Nos.,
Attach Print,Auto Reserve Stock.,
Attach a web link,Auto assignment failed: {0}.,
Attach files / urls and add in table.,Auto re-order.,
Attached File,Auto repeat document updated.,
Attached To DocType,Auto repeat failed. Please enable auto repeat after fixing the issues.,
Attached To Field,Automatic.,
Attached To Name,Automatic Linking can be activated only for one Email Account.,
Attached To Name must be a string or an integer,Automatic Linking can be activated only if Incoming is enabled.,
Attachment,Automatically Add Filtered Item To Cart,
Attachment Limit (MB),Automatically Add Taxes and Charges from Item Tax Template,
Attachment Limit Reached,Automatically Assign Documents to Users,
Attachment Link,Automatically Create New Batch,
Attachment Removed,Automatically Fetch Payment Terms from Order,
Attachments,Automatically Process Deferred Accounting Entry,
Attempting Connection to QZ Tray...,Automatically applied a filter for recent data. You can disable this behaviour from the list view settings.,
Attempting to launch QZ Tray...,Automatically delete account within (hours),
Attribution,Average Feedback Score,
Audience,Average Rating,
Audit System Hooks,Average Response Time,
Audit Trail,Average of Goal Score Feedback Score and Self Appraisal Score (out of 5),
Auth URL Data,Average time taken by the supplier to deliver,
Authenticate as Service Principal,Avg Daily Outgoing,
Authentication,Avg Feedback Score,
Authentication failed while receiving emails from Email Account: {0}.,Avg Utilization,
Author,Avg Utilization (Billed Only),
Authorization Code,Avg. Selling Price List Rate,
Authorization URI,Avoid recent years.,
Authorization error for {}.,Avoid sequences like abc or 6543 as they are easy to guess,
Authorize API Access,Avoid years that are associated with you.,
Authorize API Indexing  Access,Awaiting Password,
Authorize Google Calendar Access,Awaiting Response,
Authorize Google Contacts Access,Awaiting password,
Authorize Google Drive Access,Awesome Work,
Authorize URL,Awesome now try making an entry yourself,
Authorized,B,
Authors,B0,
Authors / Maintainers,B1,
Auto,B10,
Auto Email Report,BFS,
Auto Name,BOM Created,
Auto Repeat,BOM Item,
Auto Repeat Day,BOM Level,
Auto Repeat Day{0} {1} has been repeated.,BOM No,
Auto Repeat Document Creation Failed,BOM No. for a Finished Good Item,
Auto Repeat Schedule,BOM Operation,
Auto Repeat created for this document,BOM Operations Time,
Auto Repeat failed for {0},BOM Qty,
Auto Reply,BOM Rate,
Auto Reply Message,BOM Scrap Item,
Auto assignment failed: {0},BOM Tree,
Auto follow documents that are assigned to you,BOM Update Batch,
Auto follow documents that are shared with you,BOM Update Initiated,
Auto follow documents that you Like,BOM Update Log,
Auto follow documents that you comment on,BOM Update Tool,
Auto follow documents that you create,BOM Update Tool Log with job status maintained,
Auto repeat failed. Please enable auto repeat after fixing the issues.,BOM Website Item,
Autocomplete,BOM and Manufacturing Quantity are required,
Autoincrement,BOM and Production,
Automated Message,BOM recursion: {0} cannot be child of {1},
Automatic,BOM recursion: {1} cannot be parent or child of {0},
Automatic Linking can be activated only for one Email Account.,BOM {0} does not belong to Item {1},
Automatic Linking can be activated only if Incoming is enabled.,BOM {0} must be active,
Automatically Assign Documents to Users,BOMs Updated,
Automatically applied a filter for recent data. You can disable this behavior from the list view settings.,Back,
Automatically delete account within (hours),Back to Desk,
Automation,Backdated Stock Entry,
Avatar,Balance,
Average,Balance (Dr - Cr),
Average of {0},Balance Stock Qty,
Avoid dates and years that are associated with you.,Bank/Cash Account,
Avoid recent years.,Bank/Cash Account {0} doesn't belong to company {1},
Avoid sequences like abc or 6543 as they are easy to guess,Banker's Rounding,
Avoid years that are associated with you.,Banker's Rounding (legacy),
Awaiting Password,Banking,
Awaiting password,Banner HTML,
Awesome Work,Banner Image,
"Awesome, now try making an entry yourself",Banner is above the Top Menu Bar.,
B,Batch No {0} is linked with Item {1} which has serial no. Please scan serial no instead.,Number system
B0,Batch Nos,
B1,Batch Nos are created successfully,
B10,Batch Not Available for Return,
B2,Batch Number Series,
B3,Batch Qty,
B4,Batch Quantity,
B5,Batch Size,
B6,Batch UOM,
B7,Batch and Serial No,
B8,Batch not created for item {} since it does not have a batch series.,
B9,Batch {0} and Warehouse,
BCC,Batch {0} is not available in warehouse {1},
Back,Billing Details,
Back to Desk,Billing Email,
Back to Home,Billing Hours,
Back to Login,Billing Interval,
Background Color,Billing currency must be equal to either default company's currency or party account currency,
Background Image,Bimonthly,
Background Jobs,Bin,
Background Jobs Check,Binary Logging,
Background Jobs Queue,Bio,
Background Print (required for >25 documents),Bio / Cover Letter,
Background Workers,Birth Date,
Backing up Data.,Birthday Reminder,
Backing up to Google Drive.,Birthday Reminder 🎂,
Backup Details,Birthdays,
Backup Encryption Key,Bisect Accounting Statements,
Backup Files,Bisect Left,
Backup Folder ID,Bisect Nodes,
Backup Folder Name,Bisect Right,
Backup Frequency,Bisecting From,
Backup Path,Bisecting Left ...,
Backup job is already queued. You will receive an email with the download link,Bisecting Right ...,
Backup public and private files along with the database.,Bisecting To,
Backups,Black,
Backups (MB),Blank Template,
Bad Cron Expression,Blanket Order,
Banker's Rounding,Brand Image,
Banker's Rounding (legacy),Brand Logo,
Banner,Breadcrumbs,
Banner HTML,Breakdown,
Banner Image,Browse BOM,
Banner is above the Top Menu Bar.,Browse by category,
Bar,Browser,
Barcode,Browser Version,
Base Distinguished Name (DN),Budget Exceeded,
Base URL,Build Tree,
Based On,Build {0},
Based on Field,Bulk Delete,
Based on Permissions For User,Bulk Edit,
Basic,Bulk Operation Failed,
Basic Info,Bulk Salary Structure Assignment,
Before,Bypass restricted IP Address check If Two Factor Auth Enabled,
Before Cancel,C5E,
Before Delete,CANCELLED,
Before Discard,CBAL-.,
Before Insert,CRM,
Before Print,CRM Note,
Before Rename,CRM Settings,
Before Save,CRM-LEAD-.YYYY.-,
Before Save (Submitted Document),CRM-OPP-.YYYY.,
Before Submit,CSS selector for the element you want to highlight.,
Before Validate,CSV,
Beginner,CUST-.YYYY.-,
Beginning with,Cache,
Beta,Calculate Estimated Arrival Times,
Better add a few more letters or another word,Calculate Final Score based on Formula,
Between,Calculate Gratuity Amount Based On,
Billing,Call Connected,
Billing Contact,Call Received By,
Binary Logging,Campaign Item,
Bio,Campaign Name,
Birth Date,Campaign Schedules,
Blank Template,Cannot rename as column {0} is already present on DocType.,
Block Module,Cancel All,
Block Modules,Cancel All Documents,
Blocked,Cancel Material Visit {0} before cancelling this Warranty Claim,
Blog,Cancel Material Visits {0} before cancelling this Maintenance Visit,
Blog Category,Cancel Scheduling,
Blog Intro,Cancel Subscription,
Blog Introduction,Cancel Subscription After Grace Period,
Blog Post,Cancel {0} documents?,
Blog Settings,Cancellation Date,
Blog Title,Cancellation Queued,
Blogger,Cancelled,
Blue,Cancelling,
Bold,Cannot Download Report due to insufficient permissions,
Bot,Cannot cancel as processing of cancelled documents is pending.,
Both DocType and Name required,Cannot cancel before submitting while transitioning from <b>{0} State</b> to <b>{1} State</b>,
Both login and password required,Cannot cancel transaction for Completed Work Order.,
Bottom,Cannot change Attributes after stock transaction. Make a new Item and transfer stock to the new Item,
Bottom Center,Cannot change Fiscal Year Start Date and Fiscal Year End Date once the Fiscal Year is saved.,
Bottom Left,Cannot change Reference Document Type.,
Bottom Right,Cannot change Service Stop Date for item in row {0},
Bounced,Cannot change Variant properties after stock transaction. You will have to make a new Item to do this.,
Brand,Cannot change state of Cancelled Document <b>({0} State)</b>,
Brand HTML,Cannot change to/from autoincrement autoname in Customize Form,
Brand Image,Cannot complete task {0} as its dependant task {1} are not completed / cancelled.,
Brand Logo,Cannot convert Cost Center to ledger as it has child nodes,
Breadcrumbs,Cannot convert to Group because Account Type is selected.,
Browse by category,Cannot create Salary Slip for Employee who has left before Payroll Period,
Browser,Cannot create Stock Reservation Entries for future dated Purchase Receipts.,
Browser Version,Cannot create a pick list for Sales Order {0} because it has reserved stock. Please unreserve the stock in order to create a pick list.,
Browser not supported,Cannot create a {0} against a child document: {1},
Brute Force Security,Cannot create accounting entries against disabled accounts: {0},
Bucket Name,Cannot create or change transactions against an Appraisal Cycle with status {0}.,
Bucket {0} not found.,Cannot create private workspace of other users,
Bufferpool Size,Cannot delete system generated field <strong>{0}</strong>. You can hide it instead.,
Build {0},Cannot edit Standard Dashboards,
Built on {0},Cannot edit a standard report. Please duplicate and create a new report,
Bulk Actions,Cannot edit cancelled document,
Bulk Delete,Cannot edit filters for standard number cards,
Bulk Edit,Cannot edit standard fields,
Bulk Edit {0},Cannot enable {0} for a non-submittable doctype,
Bulk Operation Failed,Cannot ensure delivery by Serial No as Item {0} is added with and without Ensure Delivery by Serial No.,
Bulk Operation Successful,Cannot find Item with this Barcode,
Bulk PDF Export,Cannot find a default warehouse for item {0}. Please set one in the Item Master or in Stock Settings.,
Bulk Update,Cannot link cancelled document: {0},
Bulk approval only support up to 500 documents.,Cannot make any transactions until the deletion job is completed,
Bulk operation is enqueued in background.,Cannot map because the following condition fails:,
Bulk operations only support up to 500 documents.,Cannot mark attendance for an inactive employee {0},
Bulk {0} is enqueued in background.,Cannot match column {0} with any field,
Button,Cannot produce more item for {0},
Button Gradients,Cannot produce more than {0} items for {1},
Button Rounded Corners,Cannot receive from customer against negative outstanding,
Button Shadows,Cannot refer row number greater than or equal to the current row number for this Charge type,
"By ""Naming Series"" field",Cannot set quantity less than received quantity,
"By default the title is used as meta title, adding a value here will override it.",Cannot set the field <b>{0}</b> for copying in variants,
"By default, emails are only sent for failed backups.",Cannot share {0} with submit permission as the doctype {1} is not submittable,
By fieldname,Cannot update allocation for {0} after submission,
By script,Cannot update status of Goal groups,
Bypass Restricted IP Address Check If Two Factor Auth Enabled,Cannot use sub-query in order by,
Bypass Two Factor Auth for users who login from restricted IP Address,Cannot use {0} in order/group by,
Bypass restricted IP Address check If Two Factor Auth Enabled,Cannot {0} {1}.,
C5E,Canonical URI,
CANCELLED,Capacity,
CC,Capacity Planning,
CMD,Capacity Planning For (Days),
COLOR PICKER,Capital Stock,
CSS,Capitalize Repair Cost,
CSS Class,Capitalized,
CSS selector for the element you want to highlight.,Capture,
CSV,Card,
CTA Label,Card Break,
CTA URL,Card Details,
Cache,Carrier,
Cache Cleared,Carrier Service,
Calculate,Carry Forward,
Calendar,Cash/Bank Account,
Calendar Name,Cashier Closing,
Calendar View,Cashier Closing Payments,
Call,Catch All,
Call To Action,Certificate Limit,
Call To Action URL,Certificate No,
Call to Action,Chain Integrity,
Callback Message,Change,
Callback Title,Change Amount,
Camera,Change Label (via Custom Translation),
Campaign,Change Letter Head,
Campaign Description (Optional),Change Password,
Can Read,Change this date manually to set up the next synchronisation start date,
Can Share,Changed at,
Can Submit,Changed by,
Can Write,Changed customer name to '{}' as '{}' already exists.,
Can not rename as column {0} is already present on DocType.,Channel Partner,
Can only change to/from Autoincrement naming rule when there is no data in the doctype,Charge of type 'Actual' in row {0} cannot be included in Item Rate or Paid Amount,
Can only list down the document types which has been linked to the User document type.,Chargeable,
Can't follow since changes are not tracked.,Chart,
Can't rename {0} to {1} because {0} doesn't exist.,Chart Configuration,
Cancel,Chart Name,
Cancel All,Chart Of Accounts,
Cancel All Documents,Chart Of Accounts Template,
Cancel Scheduling,Chart Tree,
Cancel {0} documents?,Chart of Accounts Importer,Title of confirmation dialog
Cancelled,Chassis No,
Cancelled Document restored as Draft,Chat,
Cancelling,Check,Freeze message while cancelling a document
Cancelling documents,Check <a href='/app/List/Error Log?reference_doctype={0}'>{1}</a> for more details,
Cancelling {0},Check Error Log {0} for more details.,
Cannot Download Report due to insufficient permissions,Check Supplier Invoice Number Uniqueness,
Cannot Fetch Values,Check Vacancies On Job Offer Creation,
Cannot Remove,Check in (group),
Cannot Update After Submit,Check this if you don't want users to sign up for an account on your site. Users won't get desk access unless you explicitly provide it.,
Cannot access file path {0},Check this if you want to force the user to select a series before saving. There will be no default if you check this.,
Cannot cancel before submitting while transitioning from <b>{0} State</b> to <b>{1} State</b>,Checking this will publish the page on your website and it'll be visible to everyone.,
Cannot cancel before submitting. See Transition {0},Checking this will round off the tax amount to the nearest integer,
Cannot cancel {0}.,Checksum Version,
Cannot change docstatus from 0 (Draft) to 2 (Cancelled),Cheque Width,
Cannot change docstatus from 1 (Submitted) to 0 (Draft),Cheque/Reference Date,
Cannot change state of Cancelled Document <b>({0} State)</b>,Cheque/Reference No,
Cannot change state of Cancelled Document. Transition row {0},Cheques Required,
Cannot change to/from autoincrement autoname in Customize Form,Cheques and Deposits Incorrectly cleared,
Cannot create a {0} against a child document: {1},Choose Existing Card or create New Card,
Cannot create private workspace of other users,Choose a colour,
Cannot delete Home and Attachments folders,City/Town,
Cannot delete or cancel because {0} {1} is linked with {2} {3} {4},Claim Date,
Cannot delete standard action. You can hide it if you want,Claim an Expense,
Cannot delete standard document state.,Claimed,
Cannot delete standard field <strong>{0}</strong>. You can hide it instead.,Claimed Amount,
Cannot delete standard field. You can hide it if you want,Claims,
Cannot delete standard link. You can hide it if you want,Class / Percentage,
Cannot delete system generated field <strong>{0}</strong>. You can hide it instead.,Classification of Customers by region,
Cannot delete {0},Clauses and Conditions,
Cannot delete {0} as it has child nodes,Clear,
Cannot edit Standard Dashboards,Clear & Add Template,
"Cannot edit Standard Notification. To edit, please disable this and duplicate it",Clear & Add template,
Cannot edit Standard charts,Clear All,
Cannot edit a standard report. Please duplicate and create a new report,Clear Assignment,
Cannot edit cancelled document,Clear Cache and Reload,
Cannot edit filters for standard charts,Clear Demo Data,
Cannot edit filters for standard number cards,Clear Error Logs,
Cannot edit standard fields,Clear Filters,
Cannot enable {0} for a non-submittable doctype,Clear Logs After (days),
Cannot find file {} on disk,Clearance Date,
Cannot get file contents of a Folder,Clearance Date not mentioned,
Cannot have multiple printers mapped to a single print format.,Clearance Date updated,
Cannot link cancelled document: {0},Cleared,
Cannot map because following condition fails:,Clearing end date as it cannot be in the past for published pages.,
Cannot match column {0} with any field,Click here,
Cannot move row,Click here to verify,
Cannot remove ID field,Click on the link below to verify your request,
Cannot set 'Report' permission if 'Only If Creator' permission is set,Closes on:,
Cannot set Notification with event {0} on Document Type {1},Closing,
Cannot share {0} with submit permission as the doctype {1} is not submittable,Closing Balance,
Cannot submit {0}.,Closing Balance as per Bank Statement,
Cannot update {0},Closing Text,
Cannot use sub-query in order by,Closing [Opening + Total],
Cannot use {0} in order/group by,Cmd+Enter to add comment,
Cannot {0} {1}.,Code Challenge,
Capitalization doesn't help very much.,Colour,
Capture,Column <b>{0}</b> already exists.,
Card,Column Break,
Card Break,Column Labels:,
Card Label,Column Name cannot be empty,
Card Links,Column Width,
Cards,Column in Bank File,
Category,Commercial Rounding,
Category Description,Commission,
Category Name,Commission Rate %,
Cent,Common names and surnames are easy to guess.,
Center,Communication,
"Certain documents, like an Invoice, should not be changed once final. The final state for such documents is called Submitted. You can restrict which roles can Submit.",Communication Channel,
Chain Integrity,Communication secret not set,
Chaining Hash,Compact Item Print,
Change,Companies,
Change Image,Company Abbreviation,
Change Label (via Custom Translation),Company Abbreviation cannot have more than 5 characters,
Change Letter Head,Company Account,
Change Password,Company Address,
Change Print Format,Company Address Display,
Change User,Company Bank Account,
Changed at,Company Email,
Changed by,Company History,
Changelog Feed,Company Logo,
Changes,Company Name,
Changing any setting will reflect on all the email accounts associated with this domain.,Company Tax ID,
Changing rounding method on site with data can result in unexpected behaviour.,Company and Posting Date is mandatory,
Channel,Company currencies of both the companies should match for Inter Company Transactions.,
Chart,Company registration numbers for your reference. Tax numbers etc.,
Chart Configuration,Company which internal customer represents,
Chart Name,Company which internal customer represents.,
Chart Options,Company {0} does not exist,
Chart Source,Company {} does not exist yet. Taxes setup aborted.,
Chart Type,Compare Versions,
Charts,Competitor Detail,
Chat,Compilation warning,
Check,Compiled Successfully,
Check Request URL,Complete Job,
Check broken links,Complete Setup,
"Check columns to select, drag to set order.",Completed,
Check the Error Log for more information: {0},Completed On,
Check this if you don't want users to sign up for an account on your site. Users won't get desk access unless you explicitly provide it.,Completed On cannot be greater than Today,
Check this if you want to force the user to select a series before saving. There will be no default if you check this.,Completed Operation,
Checking broken links...,Completing onboarding,
Checking one moment,Completion,
"Checking this will enable tracking page views for blogs, web pages, etc.",Completion By,
Checking this will hide custom doctypes and reports cards in Links section,Completion Date,
Checking this will publish the page on your website and it'll be visible to everyone.,Completion Date cannot be before Failure Date. Please adjust the dates accordingly.,
Checking this will show a text area where you can write custom javascript that will run on this page.,Component,
Checksum Version,Comprehensive Insurance,
Child DocTypes are not allowed,Conditions will be applied on all the selected items combined.,
Child Doctype,Configuration,
Child Table {0} for field {1},Configure Columns,
Child Tables are shown as a Grid in other DocTypes,Configure Product Assembly,
Choose Existing Card or create New Card,Configure the default Price List when creating a new Purchase transaction. Item prices will be fetched from this Price List.,
Choose a block or continue typing,Confirm,
Choose a color,Confirm Access,
Choose an icon,Confirm Deletion of Account,
Choose authentication method to be used by all users,Confirm New Password,
City,Confirm Request,
City/Town,Confirm Your Email,
Clear,Connection Success,
Clear & Add Template,Connection lost. Some features might not work.,
Clear & Add template,Contact Name,
Clear Assignment,Contact Number,Button in list view actions menu
Clear Cache and Reload,Contact Numbers,
Clear Error Logs,Contact Person does not belong to the {0},
Clear Filters,Contact Phone,
Clear Logs After (days),Contact Synced with Google Contacts.,
Clear User Permissions,"""Contact options like """"Sales Query, Support Query"""" etc each on a new line or separated by commas.""",
Clear all filters,Contact:,
Clear the email message and add the template,Contacts,
"Clearing end date, as it cannot be in the past for published pages.",Content Hash,
Click On Customize to add your first widget,Content Type,
Click here,Content data should be a list,
Click here to verify,Content type for building the page,
Click on <b>Authorize Google Drive Access</b> to authorize Google Drive Access.,Context Script,
Click on a file to select it.,Contract Details,
Click on the button to log in to {0},Contract End Date,
Click on the link below to approve the request,Contract Fulfilment Checklist,
Click on the link below to complete your registration and set a new password,Contract Period,
Click on the link below to download your data,Contract Template,
Click on the link below to verify your request,Contract Template Help,
Click on {0} to generate Refresh Token.,Contract Terms,
Click table to edit,Contract Terms and Conditions,
Click to Set Dynamic Filters,Contributed,
Click to Set Filters,Contribution %,
Click to sort by {0},Contribution Amount,
Clicked,Contribution Qty,
Client,Contribution Status,
Client Code,Contribution to Net Total,
Client Credentials,Control Action,
Client ID,Control Historical Stock Transactions,
Client Id,Controller method get_razorpay_order missing,
Client Information,"""Controls whether new users can sign up using this Social Login Key. If unset, Website Settings is respected.""",
Client Script,Conversion Factor,
Client Secret,Conversion Rate,
Client URLs,Conversion factor for default Unit of Measure must be 1 in row {0},
Client script,Conversion factor for item {0} has been reset to 1.0 as the uom {1} is the same as stock uom {2}.,
Close,Conversion rate cannot be 0,
Close Condition,Conversion rate is 1.00 but document currency is different from company currency,
Close properties,Convert to Item Based Reposting,
Closed,Convert to Non-Group,
Cmd+Enter to add comment,Cost Centre,
Code,Cost Centre Allocation,
Code Challenge,Cost Centre Allocation Percentage,
Code Editor Type,Cost Centre Allocation Percentages,
Code challenge method,Cost Centre Number,
Collapse,Cost Centre for Item rows has been updated to {0},
Collapse All,Cost Centre is a part of Cost Centre Allocation hence cannot be converted to a group,
Collapsible,Cost Centre is required in row {0} in Taxes table for type {1},
Collapsible Depends On,Cost Centre with Allocation records cannot be converted to a group,
Collapsible Depends On (JS),Cost Centre with existing transactions cannot be converted to group,
Color,Cost Centre: {0} does not exist,
Column,Cost Configuration,
Column 1,Cost Per Unit,
Column 2,Cost of Delivered Items,
Column <b>{0}</b> already exist.,Cost of Goods Sold,
Column Break,Cost of Issued Items,
Column Labels:,Cost of Poor Quality Report,
Column Name,Cost of Purchased Items,
Column Name cannot be empty,Cost of various activities,
Column Width,Cost to Company (CTC),
Column width cannot be zero.,Costing Amount,
Column {0},Costing Details,
Columns,Costing Rate,
Columns / Fields,Costing and Billing,
Columns based on,Could not auto create Customer due to the following missing mandatory field(s):,
Combination of Grant Type (<code>{0}</code>) and Response Type (<code>{1}</code>) not allowed,Could not auto update shifts. Shift with shift factor {0} needed.,
Comm10E,Could not create Credit Note automatically please uncheck 'Issue Credit Note' and submit again,
Comment,Could not create Razorpay order. Please contact Administrator,
Comment By,Could not create razorpay order,
Comment Email,Could not detect the Company for updating Bank Accounts,
Comment Type,Could not find path for,
Comment can only be edited by the owner,Could not find {0},
Comment limit,Could not map column {0} to field {1},
Comment limit per hour,Could not retrieve information for {0}.,
Comments,Could not solve criteria score function for {0}. Make sure the formula is valid.,
Comments and Communications will be associated with this linked document,Could not solve weighted score function. Make sure the formula is valid.,
Comments cannot have links or email addresses,Could not start up:,
Commercial Rounding,Could not update Goal,
Commit,Counter,
Committed,Country,
Common names and surnames are easy to guess.,Country Code in File does not match with country code set up in the system,
Communication,Country Fixture Deletion Failed,
Communication Link,Country Setup failed,
Communication Type,Coupon Code Based,
Communication secret not set,Coupon Description,
Company,Course,
Company History,Create Delivery Trip,
Company Introduction,Create Depreciation Entry,
Company Name,Create Employee Records,
Compare Versions,Create Workstation,
Compilation warning,Create a variant with the template image.,
Compiled Successfully,Create a {0} Account,
Complete,Create an incoming stock transaction for the Item.,
Complete By,Create and send emails to a specific group of subscribers periodically.,
Complete Registration,Create missing customer or supplier.,
Complete Setup,Create or Edit Print Format,Finish the setup wizard
Completed,Create or Edit Workflow,
Completed By Role,Create your workflow visually using the Workflow Builder.,
Completed By User,Create {0} {1}?,
Component,Creating Purchase Receipt ...,
Compose Email,Creating Sales Invoices ...,
Compressed,Creating Subcontracting Order ...,
Condition,Creating User...,
Condition JSON,Creating {0}...,
Condition description,Creation Date,
Conditions,Creation of <b><a href='/app/{0}'>{1}(s)</a></b> successful,
Configuration,Creation of {0} has been queued. It may take a few minutes.,
Configure Chart,"""Creation of {0} partially successful.
 Check <b><a href=""""/app/bulk-transaction-log"""">Bulk Transaction Log</a></b>""",
Configure Columns,Credit,
Configure Recorder,Credit ({0}),
Configure columns for {0},Credit Account,
"Configure various aspects of how document naming works like naming series, current counter.",Credit Balance,
Confirm,Credit Card,
Confirm Access,Credit Card Entry,
Confirm Deletion of Account,Credit Days,
Confirm New Password,Credit Limit,
Confirm Password,Credit Limit Crossed,
Confirm Request,Credit Limit Settings,
Confirm Your Email,Credit Limit and Payment Terms,
Confirmation Email Template,Credit Limits,
Confirmed,Credit Months,
"Congratulations on completing the module setup. If you want to learn more you can refer to the documentation <a target=""_blank"" href=""{0}"">here</a>.",Credit Note,
Connect to {},Credit Note Amount,
Connected App,Credit Note Issued,
Connected User,Credit Note will update its own outstanding amount even if 'Return Against' is specified.,
Connected to QZ Tray!,Credit Note {0} has been created automatically,
Connection Lost,Credit To,
Connection Success,Credit in Company Currency,
Connection lost. Some features might not work.,Credit limit has been crossed for customer {0} ({1}/{2}),
Connections,Credit limit is already defined for the Company {0},
Console,Criticize,
Console Log,Cron,
Console Logs can not be deleted,Cron Format,
Constraints,Cumulative Transaction Threshold,
Contact,Currency should be same as Price List Currency: {0},
Contact Details,Current Address,
Contact Email,Current Address Is,
Contact Numbers,Current Employer,
Contact Phone,Current Invoice End Date,
Contact Synced with Google Contacts.,Current Invoice Start Date,
Contact Us,Current Job ID,
Contact Us Settings,Current Job Title,
"Contact options, like ""Sales Query, Support Query"" etc each on a new line or separated by commas.",Current Level,
Contacts,Current Liability,
Contains {0} security fix,Current Month Income Tax,
Contains {0} security fixes,Current Node,
Content,Current Odometer Value should be greater than Last Odometer Value {0},
Content (HTML),Current Odometer value,
Content (Markdown),Current Openings,
Content Hash,Current Qty,
Content Type,Current Serial / Batch Bundle,
Content data shoud be a list,Current Serial No,
Content type for building the page,Current Slab,
Context,Current State,
Context Script,Current Status,
Continue,Current Stock,
Contributed,Custom,
Contribution Document Name,Custom CSS,
Contribution Status,Custom Delimiters,
"Controls whether new users can sign up using this Social Login Key. If unset, Website Settings is respected.",Custom Field,
Copied to clipboard.,Custom Overrides,
Copy Link,Custom Remarks,
Copy embed code,Custom Report,
Copy error to clipboard,Custom Reports,
Copy to Clipboard,Custom SCSS,
Copyright,Custom Sidebar Menu,
Core,Custom delimiters,
Core DocTypes cannot be customized.,Custom field renamed to {0} successfully.,
Core Modules {0} cannot be searched in Global Search.,Custom?,
Correct version :,Customer Group Item,
Could not connect to outgoing email server,DESC,
Could not find {0},Daily,
Could not map column {0} to field {1},Daily Event Digest is sent for Calendar Events where reminders are set.,
"Couldn't save, please check the data you have entered",Daily Work Summary Group,
Count,Daily Work Summary Group User,
Count Customizations,Daily Work Summary Replies,
Count Filter,Danger,
Counter,Dark,
Country,Dark Colour,
Country Code Required,Dark Theme,
Country Name,Dashboard Chart Field,
County,Dashboard Manager,
Cr,Data Export,Number system
Create,Data Import,
Create & Continue,Data Import Configuration,
Create Address,Data Import Template,
Create Card,Database,
Create Chart,Database Engine,
Create Child Doctype,Database Row Size Utilisation,
Create Contacts from Incoming Emails,Database Storage Usage By Tables,
Create Entry,Date Based On,
Create Letter Head,Date of Issue,
Create Log,Date of Transaction,
Create New,Dates,
Create New DocType,Dates are often easy to guess.,
Create New Kanban Board,Day,
Create User Email,Debit Amount,
Create a New Format,Debit Note will update its own outstanding amount even if 'Return Against' is specified.,
Create a Reminder,Debit To,
Create a new ...,Debit To is required,
Create a new record,Debit in Company Currency,
Create a new {0},Debit to,
Create a {0} Account,Debit-Credit mismatch,
Create and send emails to a specific group of subscribers periodically.,Debtor/Creditor Advance,
Create or Edit Print Format,Decimal Separator must be '.' when Quoting is set to Non-numeric,
Create or Edit Workflow,Decimal Separator must be a single character,
Create your first {0},Decision Pending,
Create your workflow visually using the Workflow Builder.,Declarations,
Created,Declared Amount,
Created At,Deduct,
Created By,Deduct Full Tax on Selected Payroll Date,
Created Custom Field {0} in {1},Deduct Tax For Unclaimed Employee Benefits,
Created On,Deduct Tax For Unsubmitted Tax Exemption Proof,
Creating {0},Default BOM,
Creation of this document is only permitted in developer mode.,Default Buying Cost Center,
Criticism,Default Payment Terms Template,
Criticize,Default Payroll Payable Account,
Cron,Default Portal Home,
Cron Format,Default Price List,
Cron format is required for job types with Cron frequency.,Default Print Language,
Crop,Default Priority,
Ctrl + Down,Default Purchase Unit of Measure,
Ctrl + Up,Default Quotation Validity Days,
Ctrl+Enter to add comment,Default Receivable Account,
Currency,Default Salary Structure,
Currency Name,Default Sending and Inbox,
Currency Precision,Default Service Level Agreement,
"Currency list stores the currency value, its symbol and fraction unit",Default Sort Order,
Current,Default Target Warehouse,
Current Job ID,Default Workspace,
Current Value,Deferred Revenue,
Current status,Deferred Revenue and Expense,
Currently Viewing,Deferred accounting failed for some invoices:,
Currently you have {0} review points,Define Project type.,
Custom,Delay between Delivery Stops,
Custom Base URL,Delay in payment (Days),
Custom Block Name,Delayed,
Custom Blocks,Delayed Days,
Custom CSS,Delayed Item Report,
Custom Configuration,Delayed Order Report,
Custom Delimiters,Delayed Tasks Summary,
Custom DocPerm,Delete,
Custom Document Types (Select Permission),Delete Account,
Custom Document Types Limit Exceeded,Delete Accounting and Stock Ledger Entries on deletion of Transaction,
Custom Documents,Delete All,
Custom Field,Delete Attachment,
Custom Field {0} is created by the Administrator and can only be deleted through the Administrator account.,Delete Bins,
Custom Fields can only be added to a standard DocType.,Delete Cancelled Ledger Entries,
Custom Fields cannot be added to core DocTypes.,Delete Column,
Custom Footer,Delete Data,
Custom Format,Delete Dimension,
Custom Group Search,Delete Kanban Board,
"Custom Group Search if filled needs to contain the user placeholder {0}, eg uid={0},ou=users,dc=example,dc=com",Delete Leads and Addresses,
Custom HTML,Delete Section,
Custom HTML Block,Delete Tab,
Custom HTML Help,Delete Transactions,
"Custom LDAP Directoy Selected, please ensure 'LDAP Group Member attribute' and 'Group Object Class' are entered",Delete all the Transactions for this Company,
Custom Label,Delete and Generate New,
Custom Menu Items,Delete column,
Custom Options,Delete comment?,
Custom Overrides,Delete entire column with fields,
Custom Report,Delete section,
Custom Reports,Delete tab,
Custom Role,Delete this record to allow sending to this email address,
Custom SCSS,Delete {0} item permanently?,
Custom Sidebar Menu,Delete {0} items permanently?,
Custom field renamed to {0} successfully.,Deleted DocType,
Custom?,Deleted Document,
Customization,Desk Access,
Customizations Discarded,Desk Settings,
Customizations Reset,Desk Theme,
Customizations for <b>{0}</b> exported to:<br>{1},Desk User,
Customize,Desktop Icon,
Customize Child Table,Desktop Icon already exists,
Customize Dashboard,Detailed Reason,
Customize Form,Details,
Customize Form - {0},Details of Sponsor (Name Location),
Customize Form Field,Detect CSV type,
Cut,Determine Check-in and Check-out,
Cyan,Did not add,
DELETE,Difference,
DESC,Difference (Dr - Cr),
DLE,Difference Account must be an Asset/Liability type account since this Stock Entry is an Opening Entry,
DRAFT,Difference Account must be an Asset/Liability type account since this Stock Reconciliation is an Opening Entry,
Daily,Difference Amount must be zero,
Daily Event Digest is sent for Calendar Events where reminders are set.,Difference In,
Daily Events should finish on the Same Day.,Difference Posting Date,
Daily Long,Difference Qty,
Danger,Dimension Filter Help,
Dark,Dimension Name,
Dark Color,Dimension-wise Accounts Balance Report,
Dark Theme,Dimensions,
Dashboard,Direct Expense,
Dashboard Chart,Direct Expenses,
Dashboard Chart Field,Direct Income,
Dashboard Chart Link,Directory Server,
Dashboard Chart Source,Disable,
Dashboard Manager,Disable Auto Refresh,
Dashboard Name,Disable Automatic Recency Filters,
Dashboard Settings,Disable Capacity Planning,
Dashboard View,Disable Change Log Notification,
Dashboards,Disable Comment Count,
Data,Disable Comments,
Data Clipped,Disable Count,
Data Export,Disable Document Sharing,
Data Import,Disable In Words,
Data Import Log,Disable Likes,
Data Import Template,Disable Report,
Data Too Long,Disable Rounded Total,
Database,Disable SMTP server authentication,
Database Engine,Disable Serial No And Batch Selector,
Database Processes,Disable Sidebar Stats,
Database Row Size Utilization,Disable Signup for your site,
Database Storage Usage By Tables,Disable Standard Email Footer,
Database Table Row Size Limit,Disable System Update Notification,
"Database Table Row Size Utilization: {0}%, this limits number of fields you can add.",Disable Username/Password Login,
Database Version,Disable auto setting Grand Total to default Payment Mode,
Date,Disable {0} for the {1} component to prevent the amount from being deducted twice as its formula already uses a payment-days-based component.,
Date Format,Disabled,
Date Range,Disabled Auto Reply,
Date and Number Format,Disabled pricing rules since this {} is an internal transfer,
Date {0} must be in format: {1},Disclaimer: These indexes are suggested based on data and queries performed during this recording. These suggestions may or may not help.,
Dates are often easy to guess.,Discount Amount,
Datetime,Discount Date,
Day,Discount Percentage,
Day of Week,Discount Settings,
Days After,Discount cannot be greater than 100%,
Days Before,Discount cannot be greater than 100%.,
Days Before or After,Discount must be less than 100,
Deadlock Occurred,"""Discounts to be applied in sequential ranges like buy 1 get 1, buy 2 get 2, buy 3 get 3 and so on""",
Dear,Discretionary Reason,
"Dear System Manager,",Discussion Reply,
"Dear User,",Discussion Topic,
Dear {0},Dislikes,
Debug Log,Distribute Manually,
Decimal Separator must be '.' when Quoting is set to Non-numeric,Distribution Name,
Decimal Separator must be a single character,Distributor,
Default,Do not update variants on save,
Default Address Template cannot be deleted,Do you still want to enable negative inventory?,
Default Amendment Naming,Do you want to submit the material request?,
Default App,Doc Event,
Default Email Template,DocType's name should not start or end with whitespace,
Default Inbox,Document Actions,
Default Incoming,Document Follow Notification,
Default Letter Head,Document Links Row #{0}: Could not find field {1} in {2} DocType,
Default Naming,Document Links Row #{0}: Table Fieldname is mandatory for internal links,
Default Outgoing,Document Name must be a string,
Default Portal Home,Document Restored,
Default Print Format,Document Share,
Default Print Language,Document Share Key,
Default Redirect URI,Document Title,
Default Role at Time of Signup,Document Type,
Default Sending,Document Type to Track,
Default Sending and Inbox,Document Type {0} has been repeated.,
Default Sort Field,Document Unlocked,
Default Sort Order,Document follow is not enabled for this user.,
Default Template For Field,Document renamed from {0} to {1},
Default Theme,Document type is required to create a dashboard chart,
Default User Role,Documentation Link,
Default User Type,Documentation URL,
Default Value,Documents Processed on each trigger. Queue Size should be between 5 and 100,
Default View,Documents restored successfully,
Default Workspace,Domain Name,
Default display currency,Domains HTML,
Default for 'Check' type of field {0} must be either '0' or '1',Domestic,
Default value for {0} must be in the list of options.,Don't HTML Encode HTML tags like &lt;script&gt; or just characters like &lt; or &gt; as they could be intentionally used in this field,
Default {0},Don't Import,
"Default: ""Contact Us""",Don't Override Status,
DefaultValue,Don't Send Emails,
Defaults,Don't encode HTML tags like &lt;script&gt; or just characters like &lt; or &gt; as they could be intentionally used in this field,
Defaults Updated,Don't have an account?,
Defines actions on states and the next step and allowed roles.,Download Files Backup,
Defines workflow states and rules for a document.,Download Link,
Delayed,Download Template,
Delete,Downtime (In Hours),
Delete Account,Downtime Analysis,
Delete All,Downtime Reason,
Delete Column,Drag & Drop a section here from another tab,Title of confirmation dialog
Delete Data,Drag and drop files here or upload from,
Delete Kanban Board,Drag elements from the sidebar to add. Drag them back to trash.,
Delete Section,Driver,Title of confirmation dialog
Delete Tab,Driver Address,Title of confirmation dialog
Delete and Generate New,Driver licence class,
Delete column,Driving License Categories,Button text
Delete comment?,Driving License Category,
Delete entire column with fields,Drop Ship,Button text
Delete entire section with fields,Drop files here,Button text
Delete entire tab with fields,Dropbox Access Token,Button text
Delete section,Dropbox Refresh Token,Button text
Delete tab,Dropbox Settings,Button text
Delete this record to allow sending to this email address,Dropbox Setup,
Delete {0} item permanently?,Dropdowns,Title of confirmation dialog
Delete {0} items permanently?,Due Date,Title of confirmation dialog
Deleted,Due Date Based On,
Deleted DocType,Due Date cannot be after {0},
Deleted Document,Due Date cannot be before {0},
Deleted Name,"""Due to stock closing entry {0}, you cannot repost item valuation before {1}""",
Deleted all documents successfully,Dunning,
Deleting {0},Dunning Amount,
Deleting {0} records...,Dunning Fee,
Deleting {0}...,Dunning Letter,
Deletion of this document is only permitted in developer mode.,Duplicate,
Delimiter Options,Duplicate Attendance,
Delimiter detection failed. Try to enable custom delimiters and adjust the delimiter options as per your data.,Duplicate Customer Group,
Delimiter must be a single character,Duplicate Entry,
Delivery Status,Edit Filters,
Deny,Edit Number Card,
Department,Edit Onboarding,
Dependencies,Edit Shortcut,
Dependencies & Licenses,Edit Values,
Depends On,Edit your response,
Descendants Of,Email Account added multiple times,
Descendants Of (inclusive),Email Account not set up. Please create a new Email Account from Settings > Email Account,
Description,Email Address,
"Description for listing page, in plain text, only a couple of lines. (max 200 characters)",Email Address (required),
Description to inform the user about any action that is going to be performed,Email Addresses,
Designation,Email Campaign,
Desk,Email Digest,
Desk Access,Email Digest Recipient,
Desk Settings,Email Digest Settings,
Desk Theme,Email Digest: {0},
Desk User,Email Domain,
Desktop Icon,Email Flag Queue,
Desktop Icon already exists,Email Footer Address,
Details,Email Group Member,
Detect CSV type,Email IDs,
Did not add,Email Queue,
Did not remove,Email Queue Recipient,
Diff,Email Queue records.,
"Different ""States"" this document can exist in. Like ""Open"", ""Pending Approval"" etc.",Email Status,
Digits,Email Threads on Assigned Document,
Directory Server,Email sent to,
Disable Auto Refresh,Email verification failed.,
Disable Automatic Recency Filters,Emails,
Disable Change Log Notification,Emails Queued,
Disable Comment Count,Emails are already being pulled from this account.,
Disable Comments,Emails are muted,
Disable Contact Us Page,Emails salary slip to employee based on preferred email selected in Employee,
Disable Count,Emails will be sent with next possible workflow actions,
Disable Document Sharing,Embed code copied,
Disable Likes,Emergency Phone,
Disable Report,Employee,
Disable SMTP server authentication,Employee A/C Number,
Disable Sidebar Stats,Employee Advance Balance,
Disable Signup for your site,Employee Advance Summary,
Disable Standard Email Footer,Employee Advances,
Disable System Update Notification,Employee Analytics,
Disable Username/Password Login,Employee Attendance Tool,
Disable signups,Employee Benefit Application Detail,
Disabled,Employee Birthday,
Disabled Auto Reply,Employee Checkin,
Discard,Employee Feedback Rating,
Discard {0},Employee Grade,
Discard?,Employee Grievance,
Discarded,Employee Group,
Disclaimer: These indexes are suggested based on data and queries performed during this recording. These suggestions may or may not help.,Employee Group Table,
Discussion Reply,Employee Transfer cannot be submitted before Transfer Date,
Discussion Topic,Employee User Id,
Dismiss,Employee cannot report to himself.,Stop showing the onboarding widget.
Display,Employee {0} has already applied for {1} between {2} and {3}: {4}.,
Display Depends On,Employee {0} has no maximum benefit amount.,
Display Depends On (JS),Employee {0} is currently working on another workstation. Please assign another employee.,
Divider,Empty.,
Do not create new user if user with email does not exist in the system,Enable Auto Email.,
Do not edit headers which are preset in the template,Enable Auto Re-Order.,
Do not have permission to access bucket {0}.,Enable Auto Reply.,
Do you still want to proceed?,Enable Deferred Expense.,
Do you want to cancel all linked documents?,Enable Deferred Revenue.,
Doc Event,Enable Email Notifications.,
Doc Events,Enable European Access.,
Doc Status,Enable Fuzzy Matching.,
DocField,Enable Google API in Google Settings.,
DocPerm,Enable Google indexing.,
DocShare,Enable Health Monitor.,
DocType,Enable Incoming.,
DocType <b>{0}</b> provided for the field <b>{1}</b> must have atleast one Link field,Enable Late Entry Marking.,
DocType Action,Enable Onboarding.,
DocType Event,Enable Outgoing.,
DocType Layout,Enable Password Policy.,
DocType Layout Field,Enable Perpetual Inventory.,
DocType Link,Enable Prepared Report.,
DocType State,Enable Print Server.,
DocType View,Enable Provisional Accounting For Non Stock Items.,
DocType can not be merged,Enable Push Notification Relay.,
DocType can only be renamed by Administrator,Enable Rate Limit.,
DocType is a Table / Form in the application.,Enable Raw Printing.,
DocType must be Submittable for the selected Doc Event,Enable Report.,
DocType must be a string,Enable Scheduled Jobs.,
DocType must have atleast one field,Enable Scheduler.,
DocType not supported by Log Settings.,Enable Security.,
DocType on which this Workflow is applicable.,Enable Social Login.,
DocType required,Enable Social Sharing.,
DocType {0} does not exist.,Enable Stock Reservation.,
DocType {} not found,Enable Tracking Page Views.,
DocType's name should not start or end with whitespace,Enable Two Factor Auth.,
"DocTypes cannot be modified, please use {0} instead",Enable YouTube Tracking.,
Doctype,Enable email notification for any comment or likes received on your Blog Post.,
Doctype name is limited to {0} characters ({1}),"Enable if on click
opens modal.",
Doctype required,Enable in-app website tracking.,
Document,Enable it if users want to consider rejected materials to dispatch.,
Document Actions,Enable this checkbox even if you want to set the zero priority.,
Document Follow,Enable this option to calculate daily depreciation by considering the total number of days in the entire depreciation period (including leap years) while using daily pro-rata based depreciation.,
Document Follow Notification,Enable to apply SLA on every {0}.,
Document Link,Enabled.,
Document Linking,Enabled Scheduler.,
Document Links,Enabled email inbox for user {0}.,
Document Links Row #{0}: Could not find field {1} in {2} DocType,Enables Calendar and Gantt views.,
Document Links Row #{0}: Invalid doctype or fieldname.,Enabling auto reply on an incoming email account will send automated replies to all the synchronised emails. Do you wish to continue?,
Document Links Row #{0}: Parent DocType is mandatory for internal links,Enabling the check box will fetch timesheet on select of a Project in Sales Invoice.,
Document Links Row #{0}: Table Fieldname is mandatory for internal links,Enabling this ensures each Purchase Invoice has a unique value in Supplier Invoice No. field within a particular fiscal year.,
Document Name,Enabling this option will allow you to record - <br><br> 1. Advances Received in a <b>Liability Account</b> instead of the <b>Asset Account</b><br><br>2. Advances Paid in an <b>Asset Account</b> instead of the <b>Liability Account</b>.,
Document Name must be a string,Enabling this will allow creation of multi-currency invoices against a single party account in company currency.,
Document Naming Rule,Enabling this will change the way how cancelled transactions are handled.,
Document Naming Rule Condition,"""Enabling this will register your site on a central relay server to send push notifications for all installed apps through Firebase Cloud Messaging. This server only stores user tokens and error logs, and no messages are saved.""",
Document Naming Settings,Enabling this will submit documents in the background.,
Document Queued,Encashment.,
Document Restoration Summary,Encashment Amount.,
Document Restored,Encashment Date.,
Document Saved,Encashment Days.,
Document Share,Encashment Days cannot exceed {0} {1} as per Leave Type settings.,
Document Share Key,Encashment Limit Applied.,
Document Share Key Expiry (in Days),Encrypt Backups.,
Document Share Report,Encrypt Salary Slips in Emails.,
Document States,Encryption key is in invalid format!,
Document Status,Encryption key is invalid! Please check site_config.json.,
Document Tag,End.,
Document Title,End Date.,
Document Type,End Date cannot be before Start Date.,
Document Type and Function are required to create a number card,End Date cannot be before Start Date.,
Document Type is not importable,End Time.,
Document Type is not submittable,End Transit.,
Document Type to Track,End Year.,
Document Type {0} has been repeated.,End Year cannot be before Start Year.,
Document Types,End date cannot be before start date.,
Document Types (Select Permissions Only),End date of current invoice's period,
Document Types and Permissions,End date: {0},
Document Unlocked,End of Life,
Document follow is not enabled for this user.,End of the current subscription period,
Document has been cancelled,End time cannot be before start time,
Document has been submitted,Ended At,
Document is in draft state,Endpoint URL,
Document is only editable by users with role,Endpoints,
Document not Relinked,Ends on,
Document renamed from {0} to {1},Energy Point,
Document renaming from {0} to {1} has been queued,Energy Point Log,
Document type is required to create a dashboard chart,Energy Point Rule,
Document {0} Already Restored,Energy Point Settings,
Document {0} has been set to state {1} by {2},Energy Point Update on {0},
Document {0} {1} does not exist,Energy Points,
Documentation,Enough Parts to Build,
Documentation Link,Enqueued By,
Documentation URL,Enqueued creation of indexes,
Documents,Ensure Delivery Based on Produced Serial No,
Documents restored successfully,Enter API key in Google Settings.,
Documents that failed to restore,Enter Client Id and Client Secret in Google Settings.,
Documents that were already restored,Enter Code displayed in OTP App.,
Domain,Enter First and Last name of Employee based on Which Full Name will be updated. IN transactions it will be Full Name which will be fetched.,
Domain Name,Enter Form Type,
Domain Settings,Enter Manually,
Domains,Enter Serial Nos,
Domains HTML,Enter Supplier,
"Don't HTML Encode HTML tags like &lt;script&gt; or just characters like &lt; or &gt;, as they could be intentionally used in this field","""Enter a name for the Operation, for example, Cutting.""",
Don't Import,Enter a name for this Holiday List.,
Don't Override Status,Enter a name for this {0},
Don't Send Emails,"""Enter an Item Code, the name will be auto-filled the same as Item Code on clicking inside the Item Name field.""",
"Don't encode HTML tags like &lt;script&gt; or just characters like &lt; or &gt;, as they could be intentionally used in this field",Enter customer's email,
Don't have an account?,Enter customer's phone number,
Done,Enter date to scrap asset,
Donut,Enter depreciation details,
Double click to edit label,Enter folder name,
Download,"""Enter static url parameters here (Eg. sender=ERPNext, username=ERPNext, password=1234 etc.)""",
Download Backups,Enter the Bank Guarantee Number before submitting.,
Download Data,"""Enter the Operation, the table will fetch the Operation details like Hourly Rate, Workstation automatically.\

 After that, set the Operation Time in minutes and the table will calculate the Operation Costs based on the Hourly Rate and Operation Time.""",
Download Files Backup,Enter the Standard Working Hours for a normal work day. These hours will be used in calculations of reports such as Employee Hours Utilization and Project Profitability analysis.,
Download Link,Enter the name of the Beneficiary before submitting.,
Download PDF,Enter the name of the bank or lending institution before submitting.,
Download Report,Enter the opening stock units.,
Download Template,Enter the quantity to manufacture. Raw material Items will be fetched only when this is set.,
Download Your Data,Enter url parameter for message,
Download vCard,Enter url parameter for receiver nos,
Download vCards,Enter your password,
Dr,Entry Type,r
Draft,Equals,
Drag,Equity,
Drag & Drop a section here from another tab,Equity/Liability Account,
Drag and drop files here or upload from,Error,
Drag columns to set order. Column width is set in percentage. The total width should not be more than 100. Columns marked in red will be removed.,Error Description,
Drag elements from the sidebar to add. Drag them back to trash.,Error Log,
Drag to add state,Error Message,
Drop files here,Error in Client Script.,
Dropbox Access Token,Error in Header/Footer Script,
Dropbox Refresh Token,Error in Notification,
Dropbox Settings,Error in formula or condition,
Dropbox Setup,Error in formula or condition: {0} in Income Tax Slab,
Dropdowns,Error in party matching for Bank Transaction {0},
Due Date,Error in print format on line {0}: {1},
Due Date Based On,Error in some rows,
Duplicate,Error: {0} is mandatory field,
Duplicate Entry,Estimated Arrival,
Duplicate Filter Name,Estimated Cost Per Position,
Duplicate Name,Evaluation Method cannot be changed as there are existing appraisals created for this cycle,
Duplicate current row,Event Frequency,
Duplicate field,Event Name,
Duration,Event Type,
Dynamic,Every 3 Weeks,
Dynamic Filters,Every Valid Check-in and Check-out,
Dynamic Filters JSON,Every Week,
Dynamic Filters Section,Everyone,
Dynamic Link,"""Everyone, let’s congratulate them on their work anniversary!""",
Dynamic Report Filters,"""Everyone, let’s congratulate {0} on their birthday.""",
Dynamic Route,"""Ex: """"colours"""": [""""#d1d8dd"""", """"#ff5858""""]""",
Dynamic Template,Exact Copies,
ESC,"""Example: ABCD.#####. If series is set and Batch No is not mentioned in transactions, then automatic batch number will be created based on this series. If you always want to explicitly mention Batch No for this item, leave this blank. Note: this setting will take priority over the Naming Series Prefix in Stock Settings.""",
Edit,Exchange Rate cannot be zero.,
Edit Address in Form,Exchange Rate must be same as {0} {1} ({2}),
Edit Auto Email Report Settings,Excise Entry,
Edit Chart,Excluded DocTypes,
Edit Custom Block,Excluded {0} Non-Encashable Leaves for {1},
Edit Custom HTML,Execute,
Edit DocType,Execute Console script,Button in list view menu
Edit Existing,Executing...,
Edit Filter,Execution,
Edit Filters,Execution Time: {0} sec,
Edit Footer,Executive,
Edit Format,Exempt Supplies,
Edit Full Form,Exempted from Income Tax,
Edit HTML,Exemption Category,
Edit Header,Exemption Proofs,
Edit Heading,Exemption Sub Category,
Edit Letter Head,Existing Company,
Edit Letter Head Footer,Existing Company,
Edit Links,Existing Record,
Edit Number Card,Exit Confirmed,
Edit Onboarding,Exit Details,
Edit Print Format,Exit Interview,
Edit Profile,Exit Interview Held On,
Edit Properties,Exit Interview Pending,
Edit Quick List,Exit Interview Summary,
Edit Shortcut,Exit Questionnaire,
Edit Values,Exit Questionnaire Notification,
Edit mode,Exit Questionnaire Notification Template,
Edit the {0} Doctype,Exit Questionnaire Pending,
Edit to add content,Exit Questionnaire Web Form,
Edit your response,Expand,Button in web form
Edit your workflow visually using the Workflow Builder.,Expand All,
Edit {0},Expected,
Editable Grid,Expected Amount,
Editing Row,Expected Arrival Date,
Editing {0},Expected Average Rating,
Eg. smsgateway.com/api/send_sms.cgi,Expected End Date,
Either key or IP flag is required.,Expected Skill Set,
Element Selector,Expense Account Missing,
Email,Expense Approver,
Email Account,Expense Approver Mandatory In Expense Claim,
Email Account Disabled.,Expense Claim,
Email Account Name,Expense Claim Account,
Email Account added multiple times,Expense Claim Advance,
Email Account not setup. Please create a new Email Account from Settings > Email Account,Expense Claim Detail,
Email Address,Expense Claim Summary,
Email Address whose Google Contacts are to be synced.,Expense Claim {0} already exists for the Vehicle Log,
Email Addresses,Expense Claims,
Email Domain,Expense account not present in Purchase Invoice {0},
Email Flag Queue,Expense item not present in Purchase Invoice,
Email Footer Address,Expenses,
Email Group,Expenses & Advances,
Email Group Member,Expenses Included In Asset Valuation,
Email ID,Expenses Included In Valuation,
Email IDs,Experimental,
Email Id,Expert,
Email Inbox,Expiration time,
Email Queue,Expire Allocation,
Email Queue Recipient,Expire Carry Forwarded Leaves (Days),
Email Queue flushing aborted due to too many failures.,Expire Leaves,
Email Queue records.,Expire Notification On,
Email Reply Help,Expired Batches,
Email Retry Limit,Expired Leave(s),
Email Rule,Expired Leaves,
Email Sent,Expires On,
Email Sent At,Expiry,
Email Settings,Expiry Date Mandatory,
Email Signature,Expiry Duration (in days),
Email Status,Expiry time of QR Code Image Page,
Email Sync Option,Explanation,
Email Template,Exploded Items,
Email Threads on Assigned Document,Exponential Smoothing Forecasting,
Email To,Export,
Email Unsubscribe,Export 1 record,
Email has been marked as spam,Export Custom Permissions,
Email has been moved to trash,Export Customisations,
Email is mandatory to create User Email,Export Data,
Email not sent to {0} (unsubscribed / disabled),Export E-Invoices,
Email not verified with {0},Export Errored Rows,
Email queue is currently suspended. Resume to automatically send emails.,Export Import Log,
Emails,Export as zip,
Emails Pulled,Export not allowed. You need {0} role to export.,
Emails are already being pulled from this account.,Export without main header,
Emails are muted,Export {0} records,
Emails will be sent with next possible workflow actions,Exporting...,
Embed code copied,Expose Recipients,
Empty column,"""Field """"title"""" is mandatory if """"Website Search Field"""" is set.""",
Enable,"""Field """"value"""" is mandatory. Please specify value to be updated""",
Enable Address Autocompletion,Field Description,
Enable Allow Auto Repeat for the doctype {0} in Customize Form,Field Mapping,
Enable Auto Reply,Field To Check,
Enable Automatic Backup,Field Type,
Enable Automatic Linking in Documents,Field in Bank Transaction,
Enable Comments,Field to Track,
Enable Email Notification,Fieldname '{0}' conflicting with a {1} of the name {2} in {3},
Enable Email Notifications,Fieldname called {0} must exist to enable autonaming,
Enable Google API in Google Settings.,Fieldname which will be the DocType for this link field.,
Enable Google indexing,Fieldname {0} appears multiple times,
Enable Incoming,Fieldname {0} is restricted,
Enable Onboarding,Fields Multicheck,
Enable Outgoing,Fields `file_name` or `file_url` must be set for File,
Enable Password Policy,Fields must be a list or tuple when as_list is enabled,
Enable Prepared Report,Fields will be copied over only at time of creation.,
Enable Print Server,Fieldtype,
Enable Push Notification Relay,Fieldtype cannot be changed from {0} to {1} in row {2},
Enable Rate Limit,File,
Enable Raw Printing,"""File """"{0}"""" was skipped because of invalid file type""",
Enable Report,"""File """"{0}"""" was skipped because only {1} uploads are allowed""",
Enable Scheduled Jobs,"""File """"{0}"""" was skipped because only {1} uploads are allowed for DocType """"{2}""""""",
Enable Scheduler,"""File """"{0}"""" was skipped because size exceeds {1} MB""",
Enable Security,File '{0}' not found,
Enable Social Login,File Backup,
Enable Social Sharing,File Information,
Enable Tracking Page Views,File Name,
Enable Two Factor Auth,File Preview,
Enable developer mode to create a standard Print Template,File Storage,
Enable developer mode to create a standard Web Template,File Type,
Enable email notification for any comment or likes received on your Blog Post.,File URL,
"Enable if on click
opens modal.",File backup is ready,
Enable in-app website tracking,File name cannot have {0},
Enabled,File type of {0} is not allowed,
Enabled Scheduler,File {0} does not exist,
Enabled email inbox for user {0},Files,
Enables Calendar and Gantt views.,Fill the form and save it,
Enabling auto reply on an incoming email account will send automated replies to all the synchronized emails. Do you wish to continue?,Filled,
"Enabling this will register your site on a central relay server to send push notifications for all installed apps through Firebase Cloud Messaging. This server only stores user tokens and error logs, and no messages are saved.",Filter List,
Enabling this will submit documents in background,Filter Meta,
Encrypt Backups,Filter on Payment,
Encryption key is in invalid format!,Filtered By,
Encryption key is invalid! Please check site_config.json,Filtered Records,
End,"""Filtered by """"{0}""""""",
End Date,Filters,
End Date Field,Filters Configuration,
End Date cannot be before Start Date!,Filters JSON,
Ended At,Final Score Formula,
Endpoint URL,Finance Book,
Endpoints,Finance Book Detail,
Ends on,Finance Book Id,
Energy Point,Finance Books,
Energy Point Log,Financial Ratios,
Energy Point Rule,Financial Statements,
Energy Point Settings,Financial Year Begins On,
Energy Point Update on {0},Financial reports will be generated using GL Entry doctypes (should be enabled if Period Closing Voucher is not posted for all years sequentially or missing),
Energy Points,Find '{0}' in ...,
Enqueued By,Finished Good Quantity,
Enqueued creation of indexes,Finished Good UOM,
Ensure the user and group search paths are correct.,Finished Good {0} is disabled.,
Enter Client Id and Client Secret in Google Settings.,Finished Good {0} must be a sub-contracted item.,
Enter Code displayed in OTP App.,First Transaction,
Enter Email Recipient(s),First data column must be blank.,
Enter Form Type,"""Fiscal Regime is mandatory, kindly set the fiscal regime in the company {0}.""",
Enter Value,Fiscal Year Start Date and Fiscal Year End Date are already set in Fiscal Year {0}.,Title of prompt dialog
Enter a name for this {0},Fit,
"Enter default value fields (keys) and values. If you add multiple values for a field, the first one will be picked. These defaults are also used to set ""match"" permission rules. To see list of fields, go to ""Customize Form"".",Fixed Asset Register,
Enter folder name,Fixed Time,
"Enter static url parameters here (Eg. sender=ERPNext, username=ERPNext, password=1234 etc.)",Flag,
Enter url parameter for message,Fold,
Enter url parameter for receiver nos,Fold cannot be at the end of the form.,
Enter your password,Fold must come before a Section Break.,
Entity Name,Folder {0} is not empty.,
Entity Type,Folio,
Equals,Follow,
Error,Followed by,
Error Log,Following Report Filters have missing values:,
Error Message,Following document {0}.,
"Error connecting to QZ Tray Application...<br><br> You need to have QZ Tray application installed and running, to use the Raw Print feature.<br><br><a target=""_blank"" href=""https://qz.io/download/"">Click here to Download and install QZ Tray</a>.<br> <a target=""_blank"" href=""https://erpnext.com/docs/user/manual/en/setting-up/print/raw-printing"">Click here to learn more about Raw Printing</a>.",Following fields are missing:,
Error connecting via IMAP/POP3: {e},Following fields have invalid values:,
Error connecting via SMTP: {e},Following fields have missing values.,
Error has occurred in {0},Font,
Error in Client Script,Font Properties,
Error in Client Script.,Font Size,
Error in Header/Footer Script,Fonts,
Error in Notification,Food,
Error in print format on line {0}: {1},Footer Content,
Error while connecting to email account {0},Footer HTML,
Error while evaluating Notification {0}. Please fix your template.,Footer HTML set from attachment {0}.,
Error: Data missing in table {0},Footer Template,
Error: Value missing for {0}: {1},Footer will display correctly only in PDF.,
Error: {0} Row #{1}: Value missing for: {2},For,
Errors,For Buying,
Event,For Item {0} cannot be received more than {1} qty against the {2} {3}.,
Event Category,For Job Card,
Event Frequency,For Operation,
Event Participants,"""For Return Invoices with Stock effect, '0' qty Items are not allowed. Following rows are affected: {0}.""",
Event Reminders,For Selling,
Event Synced with Google Calendar.,For User,
Event Type,For Value,
Events,For Warehouse,
Events in Today's Calendar,For Work Order,
Everyone,For dunning fee and interest,
"Ex: ""colors"": [""#d1d8dd"", ""#ff5858""]",For example:,
Exact Copies,"""For example: If you want to include the document ID, use {0}.""",
Example,"""For help see <a href=""""https://frappeframework.com/docs/user/en/guides/portal-development/web-forms"""" target=""""_blank"""">Client Script API and Examples</a>.""",
"Example: ""/desk""","""For item {0}, rate must be a positive number. To allow negative rates, enable {1} in {2}.""",
Example: #Tree/Account,"""For more information, <a class=""""text-muted"""" href=""""https://erpnext.com/docs/user/manual/en/setting-up/email/linking-emails-to-document"""">click here</a>.""",
Example: 00001,"""For more information, {0}.""",
Example: Setting this to 24:00 will log out a user if they are not active for 24:00 hours.,For reference,
Example: {{ subject }},"""For row {0} in {1}. To include {2} in Item rate, rows {3} must also be included.""",
Excel,For row {0}: Enter Planned Qty,
Excellent,For the 'Apply Rule On Other' condition the field {0} is mandatory.,
Exception,"""For the convenience of customers, these codes can be used in print formats like Invoices and Delivery Notes.""",
Execute,From Date should be within the Fiscal Year.,
Execute Console script,From Employee,
Executing...,From External Ecomm Platform,
Execution Time: {0} sec,From Folio No,
Executive,From Full Name,
Existing Role,From and To Dates are required.,
Expand,Fuel UOM.,
Expand All,Fulfilled.,
Experimental,Gain/Loss.,
Expert,Gain/Loss Account on Asset Disposal.,
Expiration time,Gain/Loss accumulated in foreign currency account. Accounts with '0' balance in either Base or Account currency.,
Expire Notification On,Gantt.,
Expired,Gantt Chart.,
Expires In,General.,
Expires On,General Ledger.,
Expiry time of QR Code Image Page,Generate Invoice At.,
Export,Generate Random Password.,
Export 1 record,Generate Schedule.,
Export Custom Permissions,Generate Stock Closing Entry.,
Export Customizations,Generate Tracking URL.,
Export Data,"""Generate packing slips for packages to be delivered. Used to notify package number, package contents and its weight.""",
Export Errored Rows,Generating Preview.,
Export From,Geo.,
Export Import Log,Geoapify.,
Export Report: {0},Geolocation.,Export report
Export Type,Geolocation Error.,
Export all matching rows?,Geolocation Settings.,
Export all {0} rows?,Geolocation is not supported by your current browser.,
Export as zip,Get Advances Paid.,
Export not allowed. You need {0} role to export.,Get Advances Received.,
Export the data without any header notes and column descriptions,Get Alerts for Today.,
Export without main header,Get Allocations.,
Export {0} records,Get Backup Encryption Key.,
Exported permissions will be force-synced on every migrate overriding any other customization.,Get Contacts.,
Expose Recipients,Get Customer Group Details.,
Expression,Get Details From Declaration.,
Expression (old style),Get Employees.,
"Expression, Optional",Get Entries.,
External Link,Get Finished Goods.,
Extra Parameters,Get Item Locations.,
Facebook,Get Items from Product Bundle.,
Fail,Get Job Requisitions.,
Failed,Get Latest Query.,
Failed Emails,Get Material Request.,
Failed Job Count,Get Outstanding Invoices.,
Failed Jobs,Get Outstanding Orders.,
Failed Logins (Last 30 days),Get PDF.,
Failed Transactions,Get Payment Entries.,
Failed to aquire lock: {}. Lock may be held by another process.,Get Raw Materials Cost from Consumption Entry.,
Failed to change password.,Get Raw Materials for Purchase.,
Failed to complete setup,Get Raw Materials for Transfer.,
Failed to compute request body: {},Get Sales Orders.,
Failed to connect to server,Get Scrap Items.,
"Failed to decode token, please provide a valid base64-encoded token.",Get Stock.,
Failed to decrypt key {0},Get Sub Assembly Items.,
Failed to delete {0} documents: {1},Get Suppliers.,
Failed to enable scheduler: {0},Get Template.,
Failed to evaluate conditions: {},Get Unreconciled Entries.,
Failed to export python type hints,Get Updates.,
Failed to generate names from the series,Get a preview of generated names with a series.,
Failed to generate preview of series,Get more insights with.,
Failed to get method for command {0} with {1},Get notified when an email is received on any of the documents assigned to you.,
Failed to get method {0} with {1},Get stops from.,
Failed to get site info,Get the app on your device for easy access & a better experience!,
"Failed to import virtual doctype {}, is controller file present?",Get the app on your iPhone for easy access & a better experience.,
Failed to optimize image: {0},Gift Card.,
Failed to render message: {},GitHub.,
Failed to render subject: {},Github flavoured markdown syntax.,
Failed to request login to Frappe Cloud,Give Review Points.,
Failed to send email with subject:,Give free item for every N quantity.,
Failed to send notification email,Global Defaults.,
Failed to update global settings,Go.,
Failed while calling API {0},Go to Login Required field.,
Failing Scheduled Jobs (last 7 days),Go to Notification Settings List.,
Failure,Go to Page.,
Failure Rate,Go to next record.,
FavIcon,Go to this URL after completing the form.,
Fax,Go to {0}.,
Featured,Go to {0} List.,
Feedback,Goal.,
Female,Goods In Transit,
Fetch From,Google,
Fetch Images,Google Analytics anonymise IP,
Fetch attached images from document,Google Calendar - Could not update Event {0} in Google Calendar error code {1}.,
Fetch on Save if Empty,Google Calendar has been configured.,
Fetching default Global Search documents.,Google Drive,
Field,Google Drive Backup Successful.,
"Field ""route"" is mandatory for Web Views",Google Drive Picker,
"Field ""title"" is mandatory if ""Website Search Field"" is set.",Google Drive Picker Enabled,
"Field ""value"" is mandatory. Please specify value to be updated",Google Font,
Field Description,Google Meet Link,
Field Missing,Google Sheets URL is invalid or not publicly accessible.,
Field Name,"""Google Sheets URL must end with """"gid={number}"""". Copy and paste the URL from the browser address bar and try again.""",
Field Orientation (Left-Right),Google Snippet Preview,
Field Orientation (Top-Down),Government,
Field Template,Grace Period,
Field To Check,Grade,
Field Type,Graduate,
Field not permitted in query,Grand Total (Company Currency),
"Field that represents the Workflow State of the transaction (if field is not present, a new hidden Custom Field will be created)",Grant Commission,
Field to Track,Grant Type,
Field type cannot be changed for {0},Graph,
Field {0} does not exist on {1},Gratuity,
Field {0} is referring to non-existing doctype {1}.,Gratuity Applicable Component,
Field {0} not found.,Gratuity Rule,
Field {0} on document {1} is neither a Mobile number field nor a Customer or User link,Gratuity Rule Slab,
Fieldname,Gray,
Fieldname '{0}' conflicting with a {1} of the name {2} in {3},Greater Than,
Fieldname called {0} must exist to enable autonaming,Greater Than Amount,
Fieldname is limited to 64 characters ({0}),Greater Than Or Equal To,
Fieldname not set for Custom Field,Green,
Fieldname which will be the DocType for this link field.,Greeting Message,
Fieldname {0} appears multiple times,Greeting Subtitle,
Fieldname {0} cannot have special characters like {1},Greeting Title,
Fieldname {0} conflicting with meta object,Greetings Section,
Fieldname {0} is restricted,Grid Empty State,
Fields,Grid Page Length,
Fields Multicheck,Grid Shortcuts,
Fields `file_name` or `file_url` must be set for File,Grievance Against,
Fields must be a list or tuple when as_list is enabled,Grievance Against Party,
"Fields separated by comma (,) will be included in the ""Search By"" list of Search dialog box",Grievance Details,
Fieldtype,Gross Margin,
Fieldtype cannot be changed from {0} to {1},Gross Margin %,
Fieldtype cannot be changed from {0} to {1} in row {2},Gross Pay,
File,Gross Pay (Company Currency),
"File ""{0}"" was skipped because of invalid file type",Gross Profit,
"File ""{0}"" was skipped because only {1} uploads are allowed",Gross Profit / Loss,
"File ""{0}"" was skipped because only {1} uploads are allowed for DocType ""{2}""",Gross Profit Percent,
"File ""{0}"" was skipped because size exceeds {1} MB",Gross Purchase Amount,
File '{0}' not found,Gross Purchase Amount Too Low: {0} cannot be depreciated over {1} cycles with a frequency of {2} depreciations.,
File Backup,Gross Purchase Amount is mandatory,
File Information,Gross Purchase Amount should be <b>equal</b> to purchase amount of one single Asset.,
File Manager,Gross Weight,
File Name,Gross Weight UOM,
File Size,Gross Year To Date(Company Currency),
File Storage,Gross and Net Profit Report,
File Type,Group,
File URL,Group By,
File backup is ready,Group By Based On,
File name cannot have {0},Group By Customer,
File not attached,Group By Supplier,
File size exceeded the maximum allowed size of {0} MB,Group By Type,
File too big,Group Node,
File type of {0} is not allowed,Group Object Class,
File {0} does not exist,Group Same Items,
Files,Group Warehouses cannot be used in transactions. Please change the value of {0},
Filter,Group by Item,
Filter By,Group by Party,
Filter Data,Group by Purchase Order,
Filter List,Group by Voucher,
Filter Meta,Group by Voucher (Consolidated),
Filter Name,Group goal's progress is auto-calculated based on the child goals.,
Filter Values,Group same items,
Filter...,HEAD,
Filtered By,HERE,
Filtered Records,HH:mm,
"Filtered by ""{0}""",HH:mm:ss,
Filters,HR,
Filters Configuration,HR & Payroll,
Filters Display,HR & Payroll Settings,
Filters JSON,HR Manager,
Filters Section,HR Settings,
Filters applied for {0},HR User,
Filters saved,HR-APR-.YYYY.-,
"Filters will be accessible via <code>filters</code>. <br><br>Send output as <code>result = [result]</code>, or for old style <code>data = [columns], [result]</code>",HR-ATT-.YYYY.-,
Filters {0},HR-DRI-.YYYY.-,
Filters:,HR-EAD-.YYYY.-,
Find '{0}' in ...,Half,
Find {0} in {1},Half Day,
Finished,Half Day Date is mandatory,
Finished At,Half Day Date should be between From Date and To Date,
First,Have Default Naming Series for Batch ID?,
First Day of the Week,Header HTML,
First Name,Header and Breadcrumbs,
First Success Message,Health Insurance,
First Transaction,Health Insurance Name,
First data column must be blank.,Health Insurance No,
First set the name and save the record.,Health Insurance Provider,
Fit,Help HTML,
Flag,Here are the options to proceed:,
Float,"""Here, you can select a senior of this Employee. Based on this, Organisation Chart will be populated.""",
Float Precision,Here your weekly offs are pre-populated based on the previous selections. You can add more rows to also add public and national holidays individually.,
Fold,Hidden list maintaining the list of contacts linked to Shareholder,
Fold can not be at the end of the form,Hide,
Fold must come before a Section Break,Hide Block,
Folder,Hide Border,
Folder Name,Hide Buttons,
Folder name should not include '/' (slash),Hide CTA,
Folder {0} is not empty,Hide Copy,
Folio,Hide Currency Symbol,
Follow,Hide Customer's Tax ID from Sales Transactions,
Followed by,Hide Empty Read-Only Fields,
Following Report Filters have missing values:,Hide Images,
Following document {0},Hide Label,
Following fields are missing:,Hide Preview,
Following fields have invalid values:,Hide Previous Next and Close button on highlight dialog.,
Following fields have missing values,Hide Saved,
Following fields have missing values:,Hide Seconds,
Following links are broken in the email content: {0},Hide Sidebar Menu and Comments,
Font,Hide Standard Menu,
Font Properties,Hide Tags,
Font Size,Hide Unavailable Items,
Fonts,Hide Weekends,
Footer,Hide details,
"Footer ""Powered By""",Hide footer,
Footer Based On,Hide footer in auto email reports,
Footer Content,Hide footer signup,
Footer Details,Hide navbar,
Footer HTML,Hide timesheets,
Footer HTML set from attachment {0},High,
Footer Image,Higher priority rule will be applied first,
Footer Items,Higher the number higher the priority,
Footer Logo,Highlight,
Footer Script,"""Hint: Include symbols, numbers and capital letters in the password""",
Footer Template,Hiring Count,
Footer Template Values,Hiring Settings,
Footer might not be visible as {0} option is disabled</div>,History In Company,
Footer will display correctly only in PDF,Hold,
For DocType,Holiday List for Optional Leave,
For DocType Link / DocType Action,Holidays,
For Document,Holidays this Month.,
For Document Event,Holidays this Week.,
For Document Type,Home,
For Example: {} Open,Home Settings,
"For Links, enter the DocType as range.
For Select, enter list of Options, each on a new line.",Hour Rate,
For User,House rented dates required for exemption calculation,
For Value,House rented dates should be at least 15 days apart,
"For comparison, use >5, <10 or =324. For ranges, use 5:10 (for values between 5 & 10).",Hrs,
For example if you cancel and amend INV004 it will become a new document INV004-1. This helps you to keep track of each amendment.,IBAN,
For example:,IBAN is not valid,
"For example: If you want to include the document ID, use {0}",ID,
For example: {} Open,ID (name),
"For help see <a href=""https://frappeframework.com/docs/user/en/guides/portal-development/web-forms"" target=""_blank"">Client Script API and Examples</a>",ID (name) of the entity whose property is to be set,
"For more information, <a class=""text-muted"" href=""https://erpnext.com/docs/user/manual/en/setting-up/email/linking-emails-to-document"">click here</a>.",IMAP Details,
"For more information, {0}.",IMAP Folder,
"For multiple addresses, enter the address on different line. e.g. test@test.com ⏎ test1@test.com",IN,
"For updating, you can update only selective columns.",Identification Document Type,
For {0} at level {1} in {2} in row {3},Identification of the package for the delivery (for print),
Force,Identifying Decision Makers,
Force Re-route to Default View,Identity Details,
Force Show,Idle,
Force Stop job,Idx,
Force User to Reset Password,"""If """"Months"""" is selected, a fixed amount will be booked as deferred revenue or expense for each month irrespective of the number of days in a month. It will be prorated if deferred revenue or expense is not booked for an entire month""",
Force Web Capture Mode for Uploads,"If <b>Enabled</b> - Reconciliation happens on the <b>Advance Payment posting date</b><br>
If <b>Disabled</b> - Reconciliation happens on oldest of 2 Dates: <b>Invoice Date</b> or the <b>Advance Payment posting date</b><br>
",
Forgot Password?,If Income or Expense,
Form,If Owner,
Form Builder,"""If a Role does not have access at Level 0, then higher levels are meaningless.""",
Form Dict,"""If an operation is divided into sub operations, they can be added here.""",
Form Settings,"""If blank, parent Warehouse Account or company default will be considered in transactions""",
Form Tour,"""If checked, Payroll Payable will be booked against each employee""",
Form Tour Step,"""If checked, Rejected Quantity will be included while making Purchase Invoice from Purchase Receipt.""",
Form URL-Encoded,"""If checked, Stock will be reserved on <b>Submit</b>""",
Format,"""If checked, all other workflows become inactive.""",
Format Data,"""If checked, hides and disables Rounded Total field in Salary Slips""",
Forward,"""If checked, we will create demo data for you to explore the system. This demo data can be erased later.""",
Forward To Email Address,If different than customer address,
Fraction,If disable 'In Words' field will not be visible in any transaction,
Fraction Units,If disable 'Rounded Total' field will not be visible in any transaction,
Frappe,"""If enabled, Tax Exemption Declaration will be considered for income tax calculation.""",
Frappe Framework,"""If enabled, all responses on the web form will be submitted anonymously""",
Frappe Light,"""If enabled, changes to the document are tracked and shown in the timeline.""",
Frappe Mail,"""If enabled, deducts payment days for absent attendance on holidays.""",
Frappe Mail OAuth Error,"""If enabled, do not update serial/batch values in the stock transactions on the creation of auto Serial 
 / Batch Bundle.""",
Frappe Mail Site,"""If enabled, document views are tracked; this can happen multiple times.""",
Frappe Support,"""If enabled, ledger entries will be posted for change amounts in POS transactions.""",
Frappe page builder using components,"""If enabled, the component will be considered a tax component and the amount will be auto-calculated as per the configured income tax slabs.""",
Free,"""If enabled, the component will be included in the Income Tax Deductions report.""",Image Cropper
Frequency,"""If enabled, the system will allow selecting UOMs in sales and purchase transactions only if the conversion rate is set in the item master.""",
Friday,"""If enabled, the value specified or calculated in this component will not contribute to the earnings or deductions. However, its value can be referenced by other components that can be added or deducted.""",
From,"""If enabled, the system will only validate the pricing rule and not apply it automatically. The user has to manually set the discount percentage/margin/free items to validate the pricing rule.""",
From Date,If more than one package of the same type (for print).,
From Date Field,"""If multiple Pricing Rules continue to prevail, users are asked to set Priority manually to resolve conflict.""",
From Document Type,"""If the item is transacting as a Zero Valuation Rate item in this entry, please enable 'Allow Zero Valuation Rate' in the {0} Item table.""",
From Full Name,"""If this checkbox is checked, the paid amount will be split and allocated as per the amounts in the payment schedule against each payment term.""",
From User,"""If you are using loans in salary slips, please install the {0} app from Frappe Cloud Marketplace or GitHub to continue using loan integration with payroll.""",
From version,Ignore Available Stock,
Full,Ignores legacy Is Opening field in GL Entry that allows adding opening balance post the system is in use while generating reports,
Full Name,Illegal Access Token. Please try again,
Full Page,Illegal Document Status for {0},
Full Width,Illegal template,
Function,Image: Corrupted Data Stream,
Function Based On,Images,
Function {0} is not whitelisted.,Impairment,
Further nodes can be only created under 'Group' type nodes,Implement `clear_old_logs` method to enable auto error clearing.,
Fw: {0},Import File Errors and Warnings,
GET,Import Invoices,
GMail,Import Subscribers,
GNU Affero General Public License,Import Successful,
GNU General Public License,Import Supplier Invoice,
Gantt,Import template should contain a Header and at least one row.,
Gantt View,Importing Common Codes,
Gender,Importing {0} of {1},
Genderqueer,"""Importing {0} of {1}, {2}""",
General,In,
Generate Keys,In Maintenance,
Generate New Report,In Minutes,
Generate Random Password,In Party Currency,
Generate Tracking URL,In Process,
Geo,In Read Only Mode,
Geoapify,In Reply To,
Geolocation,In Standard Filter,
Geolocation Settings,In Stock Qty,
Get Alerts for Today,In Transit Warehouse,
Get Backup Encryption Key,In Value,
Get Contacts,In Words,
Get Fields,"""In case of any error during this background process, the system will add a comment about the error on this Payroll Entry and revert to the Submitted status.""",
Get Header and Footer wkhtmltopdf variables,In points. Default is 9.,
Get Items,"""In the case of multi-tier program, Customers will be auto assigned to the concerned tier as per their spent.""",
Get OpenID Configuration,Incentive Amount,
Get PDF,Include Ageing Summary,
Get a preview of generated names with a series.,Include Search in Top Bar,
Get more insights with,Include Sub-assembly Raw Materials,
Get notified when an email is received on any of the documents assigned to you.,Include Subcontracted Items,
Get your globally recognized avatar from Gravatar.com,Include Web View Link in Email,
Git Branch,Include holidays in Total no. of Working Days,
GitHub,Include holidays within leaves as leaves,
Github flavoured markdown syntax,Include in gross,
Give Review Points,Include indentation,
Global Search DocType,Including items for sub assemblies,
Global Search Document Types Reset.,Income,
Global Search Settings,Income Account,
Global Shortcuts,Income Source,
Global Unsubscribe,Income Tax Amount,
Go,Income Tax Component,
Go Back,Income Tax Computation,
Go to Login Required field,Income Tax Slab,
Go to Notification Settings List,Income Tax Slab Other Charges,
Go to Page,Income Tax Slab is mandatory since the Salary Structure {0} has a tax component {1}.,
Go to Workflow,Income Tax Slab not set in Salary Structure Assignment: {0}.,
Go to Workspace,Income Tax Slab: {0} is disabled.,
Go to next record,Income from Other Sources,
Go to previous record,Incoming,
Go to the document,Incoming (POP/IMAP) Settings,
Go to this URL after completing the form,Incoming Call Handling Schedule,
Go to {0},Incoming Call Settings,
Go to {0} List,Incoming Emails (Last 7 days),
Go to {0} Page,Incoming Rate,
Goal,Incoming Rate (Costing),
Google,Incorrect Reference Document (Purchase Receipt Item),
Google Analytics ID,Incorrect Serial No Valuation,
Google Analytics anonymise IP,Incorrect Serial Number Consumed,
Google Calendar,Incorrect Serial and Batch Bundle,
Google Calendar - Contact / email not found. Did not add attendee for -<br>{0},Incorrect Stock Value Report,
"Google Calendar - Could not create Calendar for {0}, error code {1}.",Incorrect Type of Transaction,
"Google Calendar - Could not delete Event {0} from Google Calendar, error code {1}.",Incorrect URL,
"Google Calendar - Could not fetch event from Google Calendar, error code {0}.",Incorrect User or Password,
"Google Calendar - Could not find Calendar for {0}, error code {1}.",Incorrect Verification code,
"Google Calendar - Could not insert contact in Google Contacts {0}, error code {1}.",Incorrect Warehouse,
"Google Calendar - Could not insert event in Google Calendar {0}, error code {1}.",Incorrect Weightage Allocation,
"Google Calendar - Could not update Event {0} in Google Calendar, error code {1}.",Incorrect number of General Ledger Entries found. You might have selected a wrong Account in the transaction.,
Google Calendar Event ID,Incorrect value in row {0}:,
Google Calendar ID,Incorrect value:,
Google Calendar has been configured.,Incoterm,
Google Contacts,Increase In Asset Life (Months),
"Google Contacts - Could not sync contacts from Google Contacts {0}, error code {1}.",Increment,
"Google Contacts - Could not update contact in Google Contacts {0}, error code {1}.",Increment cannot be 0,
Google Contacts Id,Increment for Attribute {0} cannot be 0,
Google Drive,Indent,
Google Drive - Could not create folder in Google Drive - Error Code {0},Index,
Google Drive - Could not find folder in Google Drive - Error Code {0},Index Web Pages for Search,
Google Drive - Could not locate - {0},Index created successfully on column {0} of doctype {1},
Google Drive Backup Successful.,Indexing authorization code,
Google Drive Picker,Indexing refresh token,
Google Drive Picker Enabled,Indicates that the package is a part of this delivery (Only Draft),
Google Font,"""Indicates the number of leaves that cannot be encashed from the leave balance. E.g. with a leave balance of 10 and 4 Non-Encashable Leaves, you can encash 6, while the remaining 4 can be carried forward or expired.""",
Google Meet Link,Indicator,
Google Settings,Indicator Color,
Google Sheets URL is invalid or not publicly accessible.,Indicator color,
"Google Sheets URL must end with ""gid={number}"". Copy and paste the URL from the browser address bar and try again.",Indirect Expense,
Google Snippet Preview,Indirect Expenses,
Grant Type,Info:,
Graph,Initial Email Notification Sent,
Gray,Input existing role name if you would like to extend it with access of another role.,
Greater Than,Insurance,
Greater Than Or Equal To,Insurance Details,
Green,Insurance End Date,
Grid Empty State,Int,
Grid Page Length,Integration Details,
Grid Shortcuts,Integration ID,
Group,Internal Customer,
Group By,Internal Customer for company {0} already exists,
Group By Based On,Internal Sale or Delivery Reference missing.,
Group By Type,Internal Supplier,
Group By field is required to create a dashboard chart,Internal Supplier for company {0} already exists,
Group Node,Internal Transfer,
Group Object Class,Internal Transfer Reference Missing,
Grouped by <span style='font-weight:600;'>{0}</b>,Interview Reminder Notification Template,
HEAD,Interview Round {0} is only for Designation {1}. Job Applicant has applied for the role {2},
HERE,Interview Scheduled Date,
HH:mm,Interview Status,
HH:mm:ss,Interview Summary,
HTML,Invalid Attribute,
HTML Editor,Invalid Auto Repeat Date,
HTML Page,Invalid Barcode. There is no Item attached to this barcode.,
HTML for header section. Optional,Invalid Blanket Order for the selected Customer and Item,
HTML with jinja support,Invalid CSV Format,
Half,Invalid Checkout Request ID,
Half Day,Invalid Child Procedure,
Half Yearly,Invalid Credentials,
Half-yearly,Invalid Delivery Date,
Handled Emails,Invalid DocType,
Has  Attachment,Invalid Document,
Has Attachments,Invalid Fieldname,
Has Domain,Invalid Gross Purchase Amount,
Has Next Condition,Invalid Item,
Has Role,Invalid Ledger Entries,
Has Web View,Invalid Login. Try again.,
Have an account? Login,Invalid Naming Series: {},
Header,Invalid Opening Entry,
Header HTML,Invalid Operation,
Header HTML set from attachment {0},Invalid Option,
Header Script,Invalid Outgoing Mail Server or Port: {0},
Header and Breadcrumbs,Invalid Output Format,
"Header, Robots",Invalid Override,
Header/Footer scripts can be used to add dynamic behaviours.,Invalid POS Invoices,
Headers,Invalid Parameters.,
Heading,Invalid Parent Account,
Heatmap,Invalid Priority,
Hello,Invalid Purchase Invoice,
Help,Invalid Quantity,
Help Article,Invalid Request,
Help Articles,Invalid Return,
Help Category,Invalid Schedule,
Help Dropdown,Invalid Search Field {0},
Help HTML,Invalid Selling Price,
Help on Search,Invalid Table Fieldname,
"Help: To link to another record in the system, use ""/app/note/[Note Name]"" as the Link URL. (don't use ""http://"")",Invalid Token,
Helpful,Invalid Transition,
Helvetica,Invalid User Name or Support Password. Please rectify and try again.,
Helvetica Neue,Invalid Value,
Here's your tracking URL,Invalid amount in accounting entries of {} {} for Account {}: {},
Hi {0},Invalid expression set in filter {0},
Hidden,Invalid field name {0},
Hidden Fields,Invalid fieldname '{0}' in autoname,
Hide,Invalid filter: {0},
Hide Block,Invalid json added in the custom options: {0},
Hide Border,Invalid lost reason {0} please create a new lost reason,
Hide Buttons,Invalid name type (integer) for varchar name column,
Hide CTA,Invalid naming series (. missing) for {0},
Hide Copy,Invalid naming series {}: dot (.) missing,
Hide Custom DocTypes and Reports,Invalid parameters provided. Please pass the required arguments.,
Hide Days,Invalid redirect regex in row #{}: {},
Hide Descendants,Invalid reference {0} {1},
Hide Empty Read-Only Fields,Invalid request arguments,
Hide Error,Invalid result key. Response:,
Hide Label,Invalid token state! Check if the token has been created by the OAuth user.,
Hide Login,Invalid username or password,
Hide Preview,Invalid value specified for UUID: {},
"Hide Previous, Next and Close button on highlight dialog.",Invalid value {0} for {1} against account {2},
Hide Saved,Invalid values for fields:,
Hide Seconds,Invalid wkhtmltopdf version,
"Hide Sidebar, Menu, and Comments",Invalid {0},
Hide Standard Menu,Invalid {0} condition,
Hide Tags,Invalid {0} for Inter Company Transaction.,
Hide Weekends,Inventory,
Hide descendant records of <b>For Value</b>.,Inventory Dimension,
Hide details,Inventory Dimension Negative Stock,
Hide footer,Inventory Dimension key,
Hide footer in auto email reports,Inventory Settings,
Hide footer signup,Inverse,
Hide navbar,Investigated,
High,Investments,
Higher priority rule will be applied first,Invite as User,
Highlight,Invoice,
"Hint: Include symbols, numbers and capital letters in the password",Invoice Cancellation,
Home,Invoice and Billing,
Home Page,Invoice can't be made for zero billing hour,
Home Settings,Invoiced Amount,
Home/Test Folder 1,Invoiced Amount (Excl. Tax),
Home/Test Folder 1/Test Folder 3,Invoiced Qty,
Home/Test Folder 2,Invoices,
Hourly,Inward,
Hourly Long,Is,
Hourly rate limit for generating password reset links,Is Account Payable,
"How should this currency be formatted? If not set, will use system defaults",Is Carry Forward,
ID,Is Complete,D
ID (name),Is Completed,
ID (name) of the entity whose property is to be set,Is Composite Asset,
"IDs must contain only alphanumeric characters, not contain spaces, and should be unique.",Is Consolidated,
IMAP Details,Is Corrective Operation,
IMAP Folder,Is Cumulative,
IP Address,Is Custom Field,
Icon,Is Dynamic URL?,
Icon will appear on the button,Is Earned Leave,
Identity Details,Is Finished Item,
Idx,Is Flexible Benefit,
"If Apply Strict User Permission is checked and User Permission is defined for a DocType for a User, then all the documents where value of the link is blank, will not be shown to that User",Is Frozen,
If Checked workflow status will not override status in list view,Is Global,
If Owner,Is Group Warehouse,
"If a Role does not have access at Level 0, then higher levels are meaningless.",Is Hidden,
"If checked, all other workflows become inactive.",Is Mandatory,
"If checked, negative numeric values of Currency, Quantity or Count would be shown as positive",Is Milestone,
"If checked, users will not see the Confirm Access dialog.",Is Optional State,
"If disabled, this role will be removed from all users.",Is Period Closing Voucher Entry,
"If enabled,  user can login from any IP Address using Two Factor Auth, this can also be set for all users in System Settings",Is Primary Mobile,
"If enabled, all responses on the web form will be submitted anonymously",Is Published Field must be a valid fieldname,
"If enabled, all users can login from any IP Address using Two Factor Auth. This can also be set only for specific user(s) in User Page",Is Purchase Order Required for Purchase Invoice & Receipt Creation?,
"If enabled, changes to the document are tracked and shown in timeline",Is Query Report,
"If enabled, document views are tracked, this can happen multiple times",Is Recurring Additional Salary,
"If enabled, the document is marked as seen, the first time a user opens it",Is Return (Credit Note),
"If enabled, the notification will show up in the notifications dropdown on the top right corner of the navigation bar.",Is Salary Released,
"If enabled, the password strength will be enforced based on the Minimum Password Score value. A value of 2 being medium strong and 4 being very strong.",Is Salary Withheld,
"If enabled, users who login from Restricted IP Address, won't be prompted for Two Factor Auth",Is Stock Item,
"If enabled, users will be notified every time they login. If not enabled, users will only be notified once.",Is Subcontracted,
"If it's empty, it will backup to the root of the bucket.",Is Submittable,
"If left empty, the default workspace will be the last visited workspace",Is Table,
If non standard port (e.g. 587),Is Template,
"If non standard port (e.g. 587). If on Google Cloud, try port 2525.",Is Transporter,
"If non-standard port (e.g. POP3: 995/110, IMAP: 993/143)",Is Tree,
"If not set, the currency precision will depend on number format",Is Virtual,
"If set, only user with these roles can access this chart. If not set, DocType or Report permissions will be used.",Issue Analytics,
"If the condition is satisfied user will be rewarded with the points. eg. doc.status == 'Closed'
",Issue Split From,
"If the user has any role checked, then the user becomes a ""System User"". ""System User"" has access to the desktop",Issue a debit note with 0 qty against an existing Sales Invoice,
"If these instructions where not helpful, please add in your suggestions on GitHub Issues.",Issued Items Against Work Order,
"If unchecked, the value will always be re-fetched on save.",Item 4,
If user is the owner,Item Alternative,
"If you are updating, please select ""Overwrite"" else existing rows will not be deleted.",Item Attribute Values,
"If you are uploading new records, ""Naming Series"" becomes mandatory, if present.",Item Balance (Simple),
"If you are uploading new records, leave the ""name"" (ID) column blank.",Item Barcode,
"If you have recently restored the site, you may need to copy the site_config.json containing the original encryption key.",Item Code,
"If you set this, this Item will come in a drop-down under the selected parent.",Item Code > Item Group > Brand,
"If you think this is unauthorized, please change the Administrator password.",Item Code: {0} is not available under warehouse {1}.,
"If your CSV uses a different delimiter, add that character here, ensuring no spaces or additional characters are included.",Item Defaults,
"If your data is in HTML, please copy paste the exact HTML code with the tags.",Item Description,
Ignore User Permissions,Item Name,
Ignore XSS Filter,Item Price Stock,
Ignore attachments over this size,Item Price added for {0} in Price List {1},
Ignored Apps,"""Item Price appears multiple times based on Price List, Supplier/Customer, Currency, Item, Batch, UOM, Qty, and Dates.""",
Illegal Access Token. Please try again,Item Prices,
Illegal Document Status for {0},Item Quality Inspection Parameter,
Illegal SQL Query,Item Reference,
Illegal template,Item Reorder,
Image,Item Row {0}: {1} {2} does not exist in above '{1}' table,
Image Field,Item Serial No,
Image Height,Item Shortage Report,
Image Link,Item Supplier,
Image View,Item Tax,
Image Width,Item Tax Amount Included in Value,
Image field must be a valid fieldname,Item Tax Rate,
Image field must be of type Attach Image,Item Tax Row {0} must have account of type Tax or Income or Expense or Chargeable,
Image link '{0}' is not valid,Item Tax Template,
Image optimized,Item Tax Template Detail,
Image: Corrupted Data Stream,Item To Manufacture,
Images,Item Type,
Impersonate,Item Unavailable,
Impersonate as {0},Item Variant,
Impersonated by {0},Item Variant Attribute,
Impersonating {0},Item Variant Details,
Implement `clear_old_logs` method to enable auto error clearing.,Item Variant Settings,
Implicit,Item Variant {0} already exists with same attributes,
Import,Item Variants updated,
Import Email From,Item Weight Details,
Import File,Item Wise Tax Detail,
Import File Errors and Warnings,Item Wise Tax Detail,
Import Log,Item cannot be added to its own descendants,
Import Log Preview,Item for row {0} does not match Material Request,
Import Preview,Item has variants.,
Import Progress,Item is mandatory in Raw Materials table.,
Import Subscribers,Item is removed since no serial / batch no selected.,
Import Type,Item operation,
Import Warnings,Item rate has been updated to zero as Allow Zero Valuation Rate is checked for item {0},
Import Zip,Item to Manufacture,
Import from Google Sheets,Item valuation rate is recalculated considering landed cost voucher amount,
"Import template should be of type .csv, .xlsx or .xls",Item variant {0} exists with same attributes,
Import template should contain a Header and atleast one row.,Item {0} cannot be added as a sub-assembly of itself,
"Import timed out, please re-try.",Item {0} cannot be ordered more than {1} against Blanket Order {2}.,
Importing {0} is not allowed.,Item {0} does not exist in the system or has expired,
Importing {0} of {1},Item {0} does not exist.,
"Importing {0} of {1}, {2}",Item {0} entered multiple times.,
In,Item {0} has already been returned,
In Days,Item {0} has been disabled,
In Filter,Item {0} has no Serial No. Only serialized items can have delivery based on Serial No,
In Global Search,Item {0} has reached its end of life on {1},
In Grid View,Item {0} ignored since it is not a stock item,
In List Filter,Item {0} not found.,
In List View,Item {0}: Ordered qty {1} cannot be less than minimum order qty {2} (defined in Item).,
In Minutes,Item-wise Price List Rate,
In Preview,Item-wise Sales History,
In Progress,Items,
In Read Only Mode,Items Required,
In Reply To,Items To Be Requested,
In Standard Filter,Items cannot be updated as Subcontracting Order is created against the Purchase Order {0}.,
In points. Default is 9.,JavaScript Format: frappe.query_reports['REPORTNAME'] = {},
In seconds,Javascript is disabled on your browser,
Inactive,Job Applicant {0} created successfully.,
Inbox,Job Card,
Inbox User,Job Card Analysis,
Inbox View,Job Card Item,
Include Disabled,Job ID,
Include Name Field,Job Offer Term Template,
Include Search in Top Bar,Job Openings for the designation {0} are already open or the hiring is complete as per the Staffing Plan {1},
Include Theme from Apps,Job Requisition {0} has been associated with Job Opening {1},
Include Web View Link in Email,Job Stopped Successfully,
Include filters,Job Worker,
Include indentation,Job Worker Delivery Note,
"Include symbols, numbers and capital letters in the password",Job Worker Name,
Incoming,Journal Entry type should be set as Depreciation Entry for asset depreciation,
Incoming (POP/IMAP) Settings,Journal Entry {0} does not have account {1} or already matched against other voucher,
Incoming Emails (Last 7 days),July,
Incoming Server,K,
Incoming Settings,KRA,
Incoming email account not correct,KRA updated for all child goals.,
Incomplete Virtual Doctype Implementation,KRA vs Goals,
Incomplete login details,KRAs,
Incorrect Configuration,Kanban Settings,
Incorrect URL,Kh,
Incorrect User or Password,Kindly cancel the Manufacturing Entries first against the work order {0}.,
Incorrect Verification code,Kindly select the company first,
Incorrect value in row {0}:,L,
Incorrect value:,LDAP Auth,
Index,LDAP Group Mappings,
Index Web Pages for Search,LDAP Group Member attribute,
Index created successfully on column {0} of doctype {1},LDAP Last Name Field,
Indexing authorization code,LDAP Middle Name Field,
Indexing refresh token,LDAP Mobile Field,
Indicator,LDAP Search String,
Indicator Color,LDAP Search String must be enclosed in '()' and needs to contain the user placeholder {0} eg sAMAccountName={0},
Indicator color,LDAP Search and Paths,
Info,LDAP search path for Users,
Info:,LDAP settings incorrect. validation response was: {0},
Initial Sync Count,Label,
InnoDB,Label is mandatory,
Input existing role name if you would like to extend it with access of another role.,Landed Cost Help,
Insert,Landed Cost Item,
Insert Above,Landed Cost Purchase Receipt,
Insert After,Landed Cost Taxes and Charges,
Insert After cannot be set as {0},Landed Cost Voucher,
"Insert After field '{0}' mentioned in Custom Field '{1}', with label '{2}', does not exist",Landed Cost Voucher Amount,
Insert Below,Landing Page,
Insert Column Before {0},Landscape,
Insert Image in Markdown,Language,
Insert New Records,Language Code,
Insert Style,Language Name,
Install {0} from Marketplace,Last Day,
Installed Application,Last Login,
Installed Applications,Last Modified Date,
Installed Apps,Last Modified On,
Instructions,"""Last Name, Email or Phone/Mobile of the user are mandatory to continue.""",
Instructions Emailed,Last Odometer Value,
Insufficient Permission Level for {0},Last Password Reset Date,
Insufficient Permission for {0},Last Point Allocation Date,
Insufficient Permissions for deleting Report,Last Quarter,
Insufficient Permissions for editing Report,Last Reset Password Key Generated On,
Insufficient attachment limit,Latitude,
Int,Lead Owner,
Integration Request,Lead Time,
Integrations,Lead Time (Days),
Integrations can use this field to set email delivery status,Lead Time (in mins),
Inter,Lead Time Date,
Interests,Leave Application,
Intermediate,Leave Application period cannot be across two non-consecutive leave allocations {0} and {1}.,
Internal Server Error,Leave Balance Before Application,
Internal record of document shares,Leave Blocked,
Intro,Leave Type {0} cannot be carry-forwarded,
Intro Video URL,Leave Type {0} is not encashable,
Introduce your company to the website visitor.,Leave Without Pay,
Introduction,Leave Without Pay does not match with approved {} records,
Introductory information for the Contact Us Page,Leave allocation {0} is linked with the Leave Application {1},
Introspection URI,Leave already have been assigned for this Leave Policy Assignment,
Invalid,Leave and Expense Claim Settings,
"Invalid ""depends_on"" expression",Leave application is linked with leave allocations {0}. Leave application cannot be set as leave without pay,
"Invalid ""depends_on"" expression set in filter {0}","""Leave blank for home.
This is relative to site URL - for example """"about"""" will redirect to """"https://yoursitename.com/about""""""",
"Invalid ""mandatory_depends_on"" expression",Leave blank if the Supplier is blocked indefinitely,
Invalid Action,Leave blank to use the standard Delivery Note format,
Invalid CSV Format,Leaves,
Invalid Code. Please try again.,Leaves Expired,
Invalid Condition: {},Leaves for the Leave Type {0} won't be carry-forwarded since carry-forwarding is disabled.,
Invalid Credentials,Ledger,
Invalid Date,Ledger Health,
Invalid DocType,Ledger Merge Accounts,
Invalid DocType: {0},Left,
Invalid Fieldname,Left Child,
Invalid File URL,Left Index,
Invalid Filter Format for field {0} of type {1}. Try using filter icon on the field to set it correctly,Left this conversation,
Invalid Filter Value,Legal,
Invalid Home Page,Length,
Invalid Link,Less Than,
Invalid Login Token,Less Than Amount,
Invalid Login. Try again.,Less Than Or Equal To,
Invalid Mail Server. Please rectify and try again.,Let us continue with the onboarding,
Invalid Naming Series: {},Let's Get Started,
Invalid Operation,Let's set up your account,
Invalid Option,Let's take you back to onboarding,
Invalid Outgoing Mail Server or Port: {0},Letter,
Invalid Output Format,Letter Head,
Invalid Override,Letter Head Based On,
Invalid Parameters.,Letter Head Name,
Invalid Password,Letter Head in HTML,
Invalid Phone Number,Letter or Email Closing Text,
Invalid Request,Library,
Invalid Search Field {0},License Number,
Invalid Table Fieldname,Light Blue,
Invalid Transition,Light Theme,
Invalid URL,Like,
Invalid User Name or Support Password. Please rectify and try again.,Like limit,
Invalid Values,Like on {0}: {1},
Invalid Webhook Secret,Liked By,
Invalid aggregate function,Liked by me,
Invalid column,Lime,
Invalid docstatus,Limit Crossed,
Invalid expression set in filter {0},Limit Number of DB Backups,
Invalid expression set in filter {0} ({1}),Limit timeslot for Stock Reposting,
Invalid field name {0},Limited to 12 characters,
Invalid fieldname '{0}' in autoname,Limits don't apply on,
Invalid file path: {0},Line,
Invalid filter: {0},Line spacing for amount in words,
Invalid json added in the custom options: {0},Link,
Invalid name type (integer) for varchar name column,Link Count,
Invalid naming series {}: dot (.) missing,Link DocType,
Invalid or corrupted content for import,Link Document Type,
Invalid redirect regex in row #{}: {},Link Fieldname,
Invalid request arguments,Link Name,
Invalid template file for import,Link Title,
Invalid token state! Check if the token has been created by the OAuth user.,Link To,
Invalid username or password,Link To in Row,
Invalid value specified for UUID: {},Link Type,
Invalid values for fields:,Link a new bank account,Error message in web form
Invalid wkhtmltopdf version,Link existing Quality Procedure.,
Invalid {0} condition,Link that is the website home page.,
Inverse,Linked,
Invite as User,Linked Project {} and Tasks deleted.,
Is,Loading,
Is Active,Loading Invoices! Please Wait...,
Is Attachments Folder,Loading...,
Is Calendar and Gantt,Loan Account,
Is Child Table,Loan Repayment,
Is Complete,Loans (Liabilities),
Is Completed,Loans and Advances (Assets),
Is Custom,Lodging Required,
Is Custom Field,Log,
Is Default,Log DocType,
Is Dynamic URL?,Log Settings,
Is Folder,Login Failed,
Is Global,Login Page,
Is Hidden,Login and view in Browser,
Is Home Folder,Login is required to see web form list view. Enable {0} to see list settings,
Is Mandatory Field,Login to comment,
Is Optional State,Login with LDAP,
Is Primary,Logout,
Is Primary Contact,Logout All Sessions,
Is Primary Mobile,Logout All Sessions on Password Reset,
Is Primary Phone,Logout From All Devices After Changing Password,
Is Private,Logs To Clear,
Is Public,Logs to Clear,
Is Published Field,Long Text,
Is Published Field must be a valid fieldname,Longitude,
Is Query Report,Looks like something is wrong with this site's payment gateway configuration. No payment has been made.,
Is Remote Request?,Lost Opportunity,
Is Single,Lost Value %,
Is Skipped,Low,
Is Spam,Lower Deduction Certificate,
Is Standard,Lower Income,
Is Submittable,Loyalty Point Entry,
Is System Generated,Loyalty Point Entry Redemption,
Is Table,Loyalty Points,
Is Table Field,Loyalty Points Redemption,
Is Tree,Loyalty Program Help,
Is Unique,Loyalty Program Name,
Is Virtual,Loyalty Program Tier,
Is standard,M,
It is risky to delete this file: {0}. Please contact your System Manager.,MICR,
Item Label,Make Bank Entry,
Item Type,Mandatory,
Item cannot be added to its own descendants,Mandatory fields required in {0},
JS,Marked Attendance,
JS Message,Marked Attendance HTML,
JSON,Market Segment,
JSON Request Body,Marketing,
Jane Doe,Marketing Manager,
JavaScript,Marking Attendance,
JavaScript Format: frappe.query_reports['REPORTNAME'] = {},Married,
Javascript,Mask,
Javascript is disabled on your browser,Master,
Jinja,Material,
Job ID,Material Requested,
Job Id,Material Requests,
Job Info,Material Requests Required,
Job Name,Material Requests for which Supplier Quotations are not created,
Job Status,Max Amt,
Job Stopped Successfully,Max Attachments,
Job is not running.,Max Height,
Join video conference with {0},Max Sample Quantity,
Jump to field,Maximum Exempted Amount,
K,Maximum Invoice Amount,Number system
Kanban,Maximum Samples - {0} can be retained for Batch {1} and Item {2}.,
Kanban Board,Maximum Samples - {0} have already been retained for Batch {1} and Item {2} in Batch {3}.,
Kanban Board Column,Maximum Use,
Kanban Board Name,Maximum Value,
Kanban Settings,Maximum amount eligible for the component {0} exceeds {1},Button in kanban view menu
Kanban View,Maximum attachment limit of {0} has been reached.,
Keep track of all update feeds,Maximum benefit amount of employee {0} exceeds {1},
Keeps track of all communications,Maximum benefit of employee {0} exceeds {1} by the sum {2} of benefit application pro-rata component amount and previous claimed amount,
Key,Maximum benefit of employee {0} exceeds {1} by the sum {2} of previous claimed amount,
Keyboard Shortcuts,"Maximum points allowed after multiplying points with the multiplier value
(Note: For no limit leave this field empty or set 0)",
Keycloak,Maximum quantity scanned for item {0}.,
Kh,Maximum sample quantity that can be retained,Number system
Knowledge Base,Me,
Knowledge Base Contributor,Meal Preference,
Knowledge Base Editor,Meaning of Submit Cancel Amend,
L,Medical,Number system
LDAP Auth,Medium,
LDAP Custom Settings,Meeting,
LDAP Email Field,Meets Condition?,
LDAP First Name Field,Memory Usage,
LDAP Group,Memory Usage in MB,
LDAP Group Field,Mention,
LDAP Group Mapping,Mention Valuation Rate in the Item master.,
LDAP Group Mappings,Mention if non-standard Receivable account,
LDAP Group Member attribute,Mention if non-standard payable account,
LDAP Last Name Field,Mention if non-standard receivable account applicable,
LDAP Middle Name Field,Mentions,
LDAP Mobile Field,Menu,
LDAP Not Installed,Merge,
LDAP Phone Field,Merge Account,
LDAP Search String,Merge Invoices Based On,
"LDAP Search String must be enclosed in '()' and needs to contian the user placeholder {0}, eg sAMAccountName={0}",Merge Progress,
LDAP Search and Paths,Merge Similar Account Heads,
LDAP Security,Merge taxes from multiple documents,
LDAP Server Settings,Merge with Existing Account,
LDAP Server Url,Merge with existing,
LDAP Settings,Merged,
LDAP User Creation and Mapping,Merging is only possible between Group-to-Group or Leaf Node-to-Leaf Node,
LDAP Username Field,Merging is only possible if following properties are same in both records.,
LDAP is not enabled.,Merging {0} of {1},
LDAP search path for Groups,Message,
LDAP search path for Users,Message (HTML),
LDAP settings incorrect. validation response was: {0},Message (Markdown),
Label,Message ID,
Label Help,Message Parameter,
Label and Type,Message Sent,
Label is mandatory,Message Type,
Landing Page,Message will be sent to the users to get their status on the Project,
Landscape,Message-id,
Language,Messages,
Language Code,Messages greater than 160 characters will be split into multiple messages,
Language Name,Messaging CRM Campaign,
Last,Meta Image,
Last 10 active users,Meta Tags,
Last Active,Meta Title,
Last Backup On,Meta description,
Last Execution,Method is required to create a number card,
Last Heartbeat,Middle Income,
Last IP,Middle Name,
Last Known Versions,Milestone Tracker,
Last Login,Min Amount,
Last Modified Date,Min Amt,
Last Modified On,Min Amt cannot be greater than Max Amt,
Last Month,Min Grade,
Last Name,Min Qty,
Last Password Reset Date,Minimum,
Last Point Allocation Date,Minimum Invoice Amount,
Last Quarter,Minimum Net Rate,
Last Reset Password Key Generated On,Minimum Order Qty,
Last Run,Minimum Order Quantity,
Last Sync On,Minimum Payment Amount,
Last Synced At,Minimum Total Spent,
Last Synced On,Minimum Value,
Last Updated By,Minimum Year for Gratuity,
Last Updated On,Minimum quantity should be as per Stock UOM,
Last User,Minimum working days required since Date of Joining to apply for this leave,
Last Week,Minor,
Last Year,Minute,
Last synced {0},Minutes After,
Layout Reset,Missing Default in Company,
"Layout will be reset to standard layout, are you sure you want to do this?",Missing DocType,
Lead Conversion Time,Missing Fields,
Leaderboard,Missing Values Required,
Learn more,Mobile,
Leave blank to repeat always,More content for the bottom of the page.,
Leave this conversation,Move,
Ledger,Move to Cart,
Left,Mozilla doesn't support :has() so you can pass parent selector here as workaround,
Left Bottom,Mpesa Express Error,
Left Center,Mr,
Left this conversation,Multi Currency,
Legal,Multi-level BOM Creator,
Length,Multiple Shift Assignments,
Length of passed data array is greater than value of maximum allowed label points!,Multiple Variants,
Length of {0} should be between 1 and 1000,Multiple Warehouse Accounts,
Less,Multiple fiscal years exist for the date {0}. Please set company in Fiscal Year,
Less Than,Multiple items cannot be marked as finished item,
Less Than Or Equal To,Multiplier Field,
Let us continue with the onboarding,Must be Whole Number,
Let's Get Started,Must be a publicly accessible Google Sheets URL,
Let's avoid repeated words and characters,Must be a publicly accessible Google Sheets URL and adding Bank Account column is necessary for importing via Google Sheets,
Let's set up your account,Must be enclosed in '()' and include '{0}' which is a placeholder for the user/login name. i.e. (&(objectclass=user)(uid={0})),
Let's take you back to onboarding,"""Must be of type """"Attach Image""""""",
Letter,Must have report permission to access this report.,
Letter Head,Must specify a Query to run,
Letter Head Based On,Mute Email,
Letter Head Image,Mute Sounds,
Letter Head Name,Mx,
Letter Head Scripts,My Account,
Letter Head cannot be both disabled and default,My Device,
Letter Head in HTML,My Filter,
Level,N/A,
"Level 0 is for document level permissions, higher levels for field level permissions.","""Also, Workflow Builder is currently in <b>BETA</b>.""",
Level Name,NOTE: This box is due for depreciation. Please re-setup LDAP to work with the newer settings,
Library,Name and Employee ID,
License,Name cannot contain special characters like {0},
License Type,Name of new Account. Note: Please don't create accounts for Customers and Suppliers,
Light,Name of the Monthly Distribution,
Light Blue,Name of the new Print Format,
Light Color,Name of {0} cannot be {1},
Light Theme,Named Place,
Like,Names and surnames by themselves are easy to guess.,
Like limit,Naming,
Like limit per hour,"Naming Options:
<ol><li><b>field:[fieldname]</b> - By Field</li><li><b>naming_series:</b> - By Naming Series (field called naming_series must be present)</li><li><b>Prompt</b> - Prompt user for a name</li><li><b>[series]</b> - Series by prefix (separated by a dot); for example PRE.#####</li>
<li><b>format:EXAMPLE-{MM}morewords{fieldname1}-{fieldname2}-{#####}</b> - Replace all braced words (fieldnames date words (DD MM YY) series) with their value. Outside braces any characters can be used.</li></ol>",
Like on {0}: {1},Naming Rule,
Liked,Naming Series,
Liked By,Naming Series Prefix,
Liked by me,Naming Series and Price Defaults,
Likes,Naming Series is mandatory,
Limit,Natural Gas,
Limit Number of DB Backups,Navbar Item,
Line,Navigate list down,
Link,Navigate to main content,
Link Cards,Navigation Settings,
Link Count,Need Workspace Manager role to edit private workspace of other users,
Link Details,Needs Analysis,
Link DocType,Negative Batch Quantity,
Link Document Type,Negative Quantity is not allowed,
Link Expired,Negative Valuation Rate is not allowed,
Link Field Results Limit,Negative Value,
Link Fieldname,Negotiation/Review,
Link Filters,Nested set error. Please contact the Administrator.,
Link Name,Net Amount,
Link Title,Net Asset value as on,
Link To,Net Cash from Financing,
Link To in Row,Net Cash from Investing,
Link Type,Net Cash from Operations,
Link Type in Row,Net Change in Accounts Payable,
"Link for About Us Page is ""/about"".",Net Change in Equity,
"Link that is the website home page. Standard Links (home, login, products, blog, about, contact)",Net Change in Fixed Asset,
Link to the page you want to open. Leave blank if you want to make it a group parent.,Net Pay (Company Currency),
Linked,Net Profit,
Linked With,Net Salary Amount,
Linked with {0},Net Total (Company Currency),
Links,Net total calculation precision loss,
List,Network Printer Settings,
List / Search Settings,New,
List Columns,New Account Name,
List Filter,New Activity,
List Settings,New Address,
List View,New Asset Value,
List View Settings,New Assets (This Year),
List a document type,New BOM,
"List as [{""label"": _(""Jobs""), ""route"":""jobs""}]",New Balance In Account Currency,
"List of email addresses, separated by comma or new line.",New Batch ID (Optional),
List of patches executed,New Batch Qty,
List setting message,New Chart,
Lists,New Comment on {0}: {1},
Load Balancing,New Contact,
Load More,New Cost Center Name,
Load More Communications,New Custom Block,Form timeline
Load more,New Custom Print Format,
Loading,New Customer Revenue,
Loading Filters...,New Customers,
Loading import file...,New Document Shared {0},
Loading user profile,New Email,
Loading versions...,New Email Account,
Loading...,New Employee,
Location,New Mention on {0},
Log,New Number Card,
Log Data,New Onboarding,
Log DocType,New Password,
Log In To {0},New Purchase Invoice,
Log Index,New Purchase Orders,
Log Setting User,New Quality Procedure,
Log Settings,New Quick List,
Log in to access this page.,New Role,
Log out,New Sales Invoice,
Logged Out,New Sales Person Name,
Login,New Serial No cannot have Warehouse. Warehouse must be set by Stock Entry or Purchase Receipt,
Login After,New Shortcut,
Login Before,New Task,
Login Failed please try again,New Value,
Login Id is required,New Version,
Login Methods,New Warehouse Name,
Login Page,New Workflow Name,
Login To {0},New Workplace,
Login Verification Code from {},New Workspace,
Login and view in Browser,New credit limit is less than current outstanding amount for the customer. Credit limit has to be at least {0},
Login is required to see web form list view. Enable {0} to see list settings,New fiscal year created :-,
Login link sent to your email,New invoices will be generated as per schedule even if current invoices are unpaid or past due date,
Login not allowed at this time,New password cannot be the same as old password,
Login required,New release date should be in the future,
"Login session expired, refresh page to retry",New shift assignments will be created after this date.,
Login to comment,New updates are available,
Login to start a new discussion,New users will have to be manually registered by system managers.,
Login to {0},New value to be set,
Login token required,New {0},
Login with Email Link,New {0} Created,
Login with Frappe Cloud,New {0} pricing rules are created,
Login with LDAP,New {0} {1} added to Dashboard {2},
Login with email link,New {0} {1} created,
Login with email link expiry (in minutes),New {0}: {1},
Login with username and password is not allowed.,New {} releases for the following apps are available,
Login with {0},Newly created user {0} has no roles enabled.,
Logout,Newsletter Attachment,
Logout All Sessions,Newsletter Email Group,
Logout All Sessions on Password Reset,Newsletter Manager,
Logout From All Devices After Changing Password,Newsletter has already been sent,
Logs To Clear,Newsletter must be published to send webview link in email,
Logs to Clear,Newsletter should have at least one recipient,
Long Text,Newsletters,
Looks like you didn't change the value,Next Execution,
Looks like you haven\u2019t received any notifications.,Next Form Tour,
Looks like you haven’t added any third party apps.,Next Schedule Date,
Looks like you haven’t received any notifications.,Next Scheduled Date,
Low,No Copy,
M,No Interview has been scheduled.,Number system
MIT License,No preview.,
Madam,No records for these settings.,
Main Section,No roles specified.,
Main Section (HTML),No salary slip found for employee: {0}.,
Main Section (Markdown),No salary structure assignment found for employee {0} on or before {1}.,
Maintenance Manager,No suggestions.,
Maintenance User,No applicable earning components found for gratuity rule: {0}.,
Major,No attendance records to create.,
"Make ""name"" searchable in Global Search",No changes found in timings.,
Make Attachment Public (by default),No changes made.,
Make Attachments Public by Default,No changes made because old and new name are the same.,
Make sure to configure a Social Login Key before disabling to prevent lockout,No employee was scheduled for call popup.,
Make use of longer keyboard patterns,No employees found.,
Make {0},No employees found for the mentioned criteria:<br>Company: {0}<br> Currency: {1}<br>Payroll payable account: {2}.,
Makes the page public,No failed logs.,
Male,"""No fields found that can be used as a Kanban column. Use the customise form to add a custom field of type """"Select"""".""",
Manage 3rd party apps,No filters found.,
Mandatory,No items are available in sales orders {0} for production.,
Mandatory Depends On,No items found. Scan barcode again.,
Mandatory Depends On (JS),No items in cart.,
Mandatory Information missing:,No leaves have been allocated.,
Mandatory field: set role for,No more children on right.,
Mandatory field: {0},No more items to display.,
"Mandatory fields required in table {0}, Row {1}","""No need for symbols, digits, or uppercase letters.""",
Mandatory fields required in {0},No new Google contacts synced.,
Mandatory fields required:,No new notifications.,Error message in web form
Mandatory:,No of columns.,
Map,No permission to {0} {1} {2}.,
Map Columns,No primary email found for customer: {0}.,
Map View,No products found.,
Map columns from {0} to fields in {1},No recent transactions found.,
Map route parameters into form variables. Example <code>/project/&lt;name&gt;</code>,No record found.,
Mapping column {0} to field {1},No records found in the invoices table.,
Margin Bottom,No records will be exported.,
Margin Left,No replies from.,
Margin Right,No salary slip found to submit for the above selected criteria OR salary slip already submitted,
Margin Top,No stock transactions can be created or modified before this date.,
MariaDB Variables,No valid shift found for log time,
Mark all as read,No {0} Found,
Mark as Read,No {0} found for Inter Company Transactions.,
Mark as Spam,No {0} found with matching filters. Clear filters to see all {0}.,
Mark as Unread,No {0} mail,
Markdown,Non Negative,
Markdown Editor,Non Profit,
Marked As Spam,Non Taxable Earnings,
Marketing Manager,Non-Vegetarian,
Master,None: End of Workflow,
Max 500 records at a time,Not allowed to set alternative item for the item {0},
Max Attachments,Not allowed to create custom Virtual DocType.,
Max File Size (MB),Not in Developer Mode,
Max Height,Not in Stock,
Max Length,Not in stock,
Max Value,Note: Automatic log deletion only applies to logs of type <i>Update Cost</i>,
Max attachment size,Note: By default emails for failed backups are sent.,
Max auto email report per user,Note: Changing the Page Name will break previous URL to this page.,
Max width for type Currency is 100px in row {0},Note: Etc timezones have their signs reversed.,
Maximum,Note: Multiple sessions will be allowed in case of mobile device,
Maximum Attachment Limit of {0} has been reached for {1} {2}.,Note: On checking Is Mandatory the accounting dimension will become mandatory against that specific account for all accounting transactions,
Maximum Number of Fields,Notes,
Maximum Points,Notes:,
Maximum attachment limit of {0} has been reached.,Nothing more to show.,
"Maximum points allowed after multiplying points with the multiplier value
(Note: For no limit leave this field empty or set 0)",Notification Recipient,
Maximum {0} rows allowed,Notification Template,
Me,Notification: customer {0} has no Mobile number set,
"Meaning of Submit, Cancel, Amend",Notification: user {0} has no Mobile number set,
Medium,Notifications Disabled,
Meeting,Notifications and bulk mails will be sent from this outgoing server.,
Meets Condition?,Notify Customers via Email,
Memory Usage,Notify Employee,
Memory Usage in MB,Notify Other,
Mention,Notify Reposting Error to Role,
Mentions,Notify by Email on Creation of Automatic Material Request,
Menu,Notify by email,
Merge with existing,Number,
Merging is only possible between Group-to-Group or Leaf Node-to-Leaf Node,Number Card Link,
Message,Number Format,
Message (HTML),Number Of Employees,
Message (Markdown),Number Of Positions,
Message Examples,Number of Backups,
Message ID,Number of Concurrent Appointments,
Message Parameter,Number of DB Backups,
Message Sent,Number of DB backups cannot be less than 1,
Message Type,Number of Days,
Message clipped,Number of Groups,
Message from server: {0},Number of Order,
Message not setup,Number of Queries,
Message to be displayed on successful completion,Number of Withholding Cycles,
Message-id,Number of days appointments can be booked in advance,
Messages,Number of days that the subscriber has to pay invoices generated by this subscription,
Meta,O-,
Meta Description,OAuth,
Meta Image,OAuth Authorisation Code,
Meta Tags,OAuth Bearer Token,
Meta Title,OAuth Client,
Meta description,OAuth Client ID,
Meta image,OAuth Client Role,
Meta title,OAuth Error,
Meta title for SEO,OAuth Provider Settings,
Method,OAuth Scope,
Method Not Allowed,"""OAuth has been enabled but not authorised. Please use the """"Authorise API Access"""" button to do the same.""",
Method is required to create a number card,OPTIONS,
Mid Center,OR,
Middle Name,OTP Issuer Name,
Milestone,OTP Secret has been reset. Re-registration will be required on next login.,
Milestone Tracker,OTP setup using OTP App was not completed. Please contact Administrator.,
Minimum,Off-Shift,
Minimum Password Score,Office 365,
Minor,Offsetting for Accounting Dimension,
Minutes After,Old and new field names are the same.,
Minutes Before,Older backups will be automatically deleted,
Minutes Offset,Oldest Of Invoice Or Advance,
Misconfigured,On Converting Opportunity,
Miss,On Duty,
Missing DocType,On Paid Amount,
Missing Field,On Payment Charge Processed,
Missing Fields,On Payment Failed,
Missing Filters Required,On Payment Mandate Acquisition Processed,
Missing Permission,On Track,
Missing Value,On or After,
Missing Values Required,On or Before,
Mobile,On-machine press checks,
Mobile No,Onboard,
Modal Trigger,Onboarding Name,
Modified By,"""Once you have set this, the users will only be able to access documents (e.g. Blog Post) where the link exists (e.g. Blogger).""",
Module,One Time Password (OTP) Registration Code from {},
Module (for export),One customer can be part of only one Loyalty Program.,
Module Def,One of,
Module HTML,Ongoing Job Cards,
Module Name,Only 'Payment Entries' made against this advance account are supported.,
Module Onboarding,Only 200 inserts allowed in one request.,
Module Profile,Only Administrator can delete Email Queue.,
Module Profile Name,Only Administrator can edit.,
Module onboarding progress reset,Only Administrator can save a standard report. Please rename and save.,
Module to Export,Only Administrator is allowed to use Recorder.,
Module {} not found,Only Allow Edit For,
Modules,Only Approvers can Approve this Request.,
Modules HTML,Only CSV and Excel files can be used for importing data. Please check the file format you are trying to upload.,
Monday,Only Completed documents can be submitted.,
Monospace,Only Interviewers are allowed to submit Interview Feedback.,
Month,Only Interviews with Cleared or Rejected status can be submitted.,
Monthly,Only Send Records Updated in Last X Hours.,
Monthly Long,Only applies for Normal Payments.,
Monthly Rank,Only draft documents can be discarded.,
More,Only leaf nodes are allowed in transaction.,
More Info,Only mandatory fields are necessary for new records. You can delete non-mandatory columns if you wish.,
More Information,Only one {0} can be set as primary.,
More articles on {0},Only one {0} entry can be created against the Work Order {1}.,
More content for the bottom of the page.,Only reports of type Report Builder can be deleted.,
Most Used,Only show Items from these Item Groups.,
Most probably your password is too long.,Only standard DocTypes are allowed to be customised from Customize Form.,
Move,Only the Administrator can delete a standard DocType.,
Move To,Only users with the {0} role can create backdated leave applications.,
Move To Trash,"""Only values between [0, 1) are allowed. Like {0.00, 0.04, 0.09, ...}
Ex: If allowance is set at 0.07, accounts that have a balance of 0.07 in either of the currencies will be considered as zero balance account.""",
Move current and all subsequent sections to a new tab,Only {0} Goals can be {1}.,
Move cursor to above row,Only {0} are supported.,
Move cursor to below row,Only {0} emailed reports are allowed per user.,
Move cursor to next column,Oops! Something went wrong.,
Move cursor to previous column,Open,
Move sections to new tab,Open & Approved,
Move the current field and the following fields to a new column,Open Activities HTML,
Move to Row Number,Open BOM {0},
Move to next step when clicked inside highlighted area.,Open Call Log,
Mozilla doesn't support :has() so you can pass parent selector here as workaround,Open Documents,
Mr,Open Events,r
Mrs,Open Feedback,
Ms,Open Form View,s
Multiple root nodes not allowed.,Open Sales Orders,
Multiplier Field,Open Settings,
Must be a publicly accessible Google Sheets URL,Open Task,
"Must be enclosed in '()' and include '{0}', which is a placeholder for the user/login name. i.e. (&(objectclass=user)(uid={0}))",Open To Do,
"Must be of type ""Attach Image""",Open To Do,
Must have report permission to access this report.,Open Translation,
Must specify a Query to run,Open URL in a New Tab,
Mute Sounds,Open Work Orders,
Mx,Open a dialog with mandatory fields to create a new record quickly. There must be at least one mandatory field to show in the dialog.,x
My Account,Open a module or tool,
My Device,Open a new ticket,
My Filter,Open in a new tab,
My Workspaces,Open list item,
MyISAM,Open reference document,
"NOTE: If you add states or transitions in the table, it will be reflected in the Workflow Builder but you will have to position them manually. Also Workflow Builder is currently in <b>BETA</b>.",Open {0},
NOTE: This box is due for depreciation. Please re-setup LDAP to work with the newer settings,OpenID Configuration,
Name,OpenLDAP,
Name (Doc Name),Opened,
"Name already taken, please set a new name",Opening,
Name cannot contain special characters like {0},Opening (Dr),
Name of the Document Type (DocType) you want this field to be linked to. e.g. Customer,Opening Balance Details,
Name of the new Print Format,Opening Balances,
Name of {0} cannot be {1},Opening Date,
Names and surnames by themselves are easy to guess.,Opening Entry cannot be created after Period Closing Voucher is created.,
Naming,Opening Invoice Creation In Progress,
"Naming Options:
<ol><li><b>field:[fieldname]</b> - By Field</li><li><b>naming_series:</b> - By Naming Series (field called naming_series must be present)</li><li><b>Prompt</b> - Prompt user for a name</li><li><b>[series]</b> - Series by prefix (separated by a dot); for example PRE.#####</li>
<li><b>format:EXAMPLE-{MM}morewords{fieldname1}-{fieldname2}-{#####}</b> - Replace all braced words (fieldnames, date words (DD, MM, YY), series) with their value. Outside braces, any characters can be used.</li></ol>",Opening Invoice Creation Tool,
Naming Rule,Opening Invoice Creation Tool Item,
Naming Series,Opening Invoice Item,
Naming Series mandatory,Opening Number of Booked Depreciations,
Navbar,Opening Qty,
Navbar Item,Opening Sales Invoices have been created.,
Navbar Settings,Opening Stock,
Navbar Template,Opening Time,
Navbar Template Values,Opening Value,
Navigate list down,Opening closed.,Description of a list view shortcut
Navigate list up,Operation Row Number,Description of a list view shortcut
Navigate to main content,Operation Time,
Navigation Settings,Operation Time must be greater than 0 for Operation {0}.,
Need Workspace Manager role to edit private workspace of other users,Operation completed for how many finished goods?,
Negative Value,Option {0} for field {1} is not a child table,
Nested set error. Please contact the Administrator.,Optional Leaves are holidays that Employees can choose to avail from a list of holidays published by the company.,
Network Printer Settings,Ordered Qty,
New,Ordered Qty: Quantity ordered for purchase but not received.,
New Activity,Orders,
New Address,Org History,
New Chart,Other,
New Comment on {0}: {1},Other Details,
New Contact,Other Settings,
New Custom Block,Others,
New Custom Print Format,Out Qty,
New Document Form,Out of AMC,
New Document Shared {0},Out of Order,
New Email,Out of Stock,
New Email Account,Out of Warranty,
New Event,Outgoing (SMTP) Settings,
New Folder,Outgoing Settings,
New Kanban Board,Outlook.com,
New Links,Outstanding Amount,
New Mention on {0},Outstanding Cheques and Deposits to clear,
New Message from Website Contact Page,Outstanding for {0} cannot be less than zero ({1}),
New Name,Outward,
New Newsletter,Over Allocation,
New Notification,Over Delivery/Receipt Allowance (%),
New Number Card,Over Picking Allowance,
New Onboarding,Over Receipt,
New Password,Over Receipt/Delivery of {0} {1} ignored for item {2} because you have {3} role.,
New Print Format Name,Over Transfer Allowance,
New Quick List,Overbilling of {} ignored because you have {} role.,
New Report name,Overdue Days,
New Role,Overdue Payment,
New Shortcut,Overlapping Attendance Request,
New Users (Last 30 days),Overlapping Shift Requests,
New Value,Overlapping Shifts,
New Workflow Name,Overproduction Percentage For Work Order,
New Workspace,Overview,
New password cannot be same as old password,PAN No,
New updates are available,PDF Generation in Progress,
New users will have to be manually registered by system managers.,PDF Generator,
New value to be set,PDF Name,
New {0},PDF Page Height (in mm),
New {0} Created,PDF Page Size,
New {0} {1} added to Dashboard {2},PDF Settings,
New {0} {1} created,PDF generation failed,
New {0}: {1},PDF generation failed because of broken image links,
New {} releases for the following apps are available,PDF generation may not work as expected.,
Newly created user {0} has no roles enabled.,"""PDF printing via """"Raw Print"""" is not supported.""",
Newsletter,PF Account,
Newsletter Attachment,PF Amount,
Newsletter Email Group,PF Loan,
Newsletter Manager,PID,
Newsletter has already been sent,PIN,
Newsletter must be published to send webview link in email,PMO-,
Newsletter should have atleast one recipient,PO Supplied Item,
Newsletters,PO-JOB.#####,
Next,POS,
Next Action Email Template,POS Closed,
Next Actions HTML,POS Closing Entry,
Next Execution,POS Closing Failed,
Next Form Tour,POS Closing failed while running in a background process. You can resolve the {0} and retry the process again.,
Next Schedule Date,POS Customer Group,
Next Scheduled Date,POS Field,
Next State,POS Invoice,
Next Step Condition,POS Invoice Item,
Next Sync Token,POS Invoice Merge Log,
Next actions,POS Invoice Reference,
Next on Click,POS Invoice is not submitted,
No,POS Invoice isn't created by user {},
No Active Sessions,POS Invoices will be consolidated in a background process,
No Copy,POS Item Group,
No Data,POS Opening Entry Missing,
No Data to Show,POS Payment Method,
No Data...,POS Profile,
No Email Account,POS Profile doesn't match {},
No Email Accounts Assigned,POS Profile required to make POS Entry,
No Emails,POS Profile {} contains Mode of Payment {}. Please remove them to disable this mode.,
No Entry for the User {0} found within LDAP!,POS Setting,
No Filters Set,POS Settings,
No Google Calendar Event to sync.,POS Transactions,
No Images,POS has been closed at {0}. Please refresh the page.,
No Items Found,PRLE-.####,
No LDAP User found for email: {0},PU-SSP-.YYYY.-,
No Label,PUR-ORD-.YYYY.-,
No Letterhead,PUT,
No Name Specified for {0},Package,
No New notifications,Package Import,
No Permissions Specified,Packaging Slip From Delivery Note,
No Permissions set for this criteria.,Packed Item,
No Permitted Charts,Packed Items,
No Permitted Charts on this Dashboard,Packed Items cannot be transferred internally,
No Preview,Packed Qty,
No Preview Available,Packing List,
No Printer is Available.,Packing Slip,
No RQ Workers connected. Try restarting the bench.,Packing Slip(s) cancelled,
No Results,Page Break,
No Results found,Page Break After Each SoA,
No Roles Specified,Page Builder,
No Select Field Found,Page Name,
No Suggestions,Page Title,
No Tags,Parent Item {0} must not be a Stock Item,
No Upcoming Events,Parent Procedure,
No activities to show,Parent Task,
No address added yet.,Parent Warehouse,
No alerts for today,Parent document type is required to create a dashboard chart,
No automatic optimization suggestions available.,Partial Stock Reservation,
No broken links found in the email content,"""Partial stock can be reserved. For example, if you have a Sales Order of 100 units and the Available Stock is 90 units then a Stock Reservation Entry will be created for 90 units.""",
No changes in document,Partially Delivered,
No changes made,Partially Depreciated,
No changes made because old and new name are the same.,Partially Fulfilled,
No changes to sync,Partially Ordered,
No changes to update,Partially Paid,
No comments yet,Partially Received,
No contacts added yet.,Partially Reserved,
No contacts linked to document,Partially Sent,
No data to export,Particulars,
No default Address Template found. Please create a new one from Setup > Printing and Branding > Address Template.,Partly Billed,
No documents found tagged with {0},Partly Delivered,
No email account associated with the User. Please add an account under User > Email Inbox.,Partly Paid,
No failed logs,Party Account,
"No fields found that can be used as a Kanban Column. Use the Customize Form to add a Custom Field of type ""Select"".",Party Account No. (Bank Statement),
No file attached,Party Account {0} currency ({1}) and document currency ({2}) should be the same,
No filters found,Party Bank Account,
No filters selected,Party Details,
No further records,Party IBAN (Bank Statement),
No matching records. Search something new,Party Type is mandatory,
No more items to display,Pass,
"No need for symbols, digits, or uppercase letters.",Passive,
No new Google Contacts synced.,Passport Details,
No new notifications,Passport Number,
No of Columns,Password,
No of Requested SMS,Password changed successfully.,
No of Rows (Max 500),Password for Base DN,
No of Sent SMS,Password is required or select Awaiting Password,
No permission for {0},Past Due Date,
No permission to '{0}' {1},Past dates are not allowed for Scheduling.,
No permission to read {0},Paste,
No permission to {0} {1} {2},Patch,
No records deleted,Path to Server Certificate,
No records present in {0},Pause Job,
No records tagged.,Pause SLA On Status,
No records will be exported,Paused,
No rows,Pay To / Received From,
No subject,Pay {0} {1},
No template found at path: {0},Payable,
No values to show,Payables,
No {0},Payer Settings,
No {0} Found,Payment,
No {0} found,Payment Account is mandatory,
No {0} found with matching filters. Clear filters to see all {0}.,Payment Amount (Company Currency),
No {0} mail,Payment Cancelled,
No.,Payment Channel,Title of the 'row number' column
Nomatim,Payment Days,
Non Negative,Payment Days calculations are based on these Payroll Settings,
Non-Conforming,Payment Entries {0} are unlinked,
None,Payment Entry already exists,
None: End of Workflow,Payment Entry is already created,
Normalized Copies,Payment Entry {0} is linked against Order {1}. Check if it should be pulled as advance in this invoice.,
Normalized Query,Payment Failed,
Not Allowed,Payment Gateway,
Not Allowed: Disabled User,Payment Gateway Account,
Not Ancestors Of,Payment Gateway Account not created. Please create one manually.,
Not Descendants Of,Payment Limit,
Not Equals,Payment Method,
Not Found,Payment Methods,
Not Helpful,Payment Mode,
Not In,Payment Order,
Not Like,Payment Order Status,
Not Linked to any record,Payment Order Type,
Not Nullable,Payment Ordered,
Not Permitted,Payment Period Based On Invoice Date,
Not Permitted to read {0},Payment Plan,
Not Published,Payment Receipt Note,
Not Saved,Payment Reconciliation,
Not Seen,Payment Reconciliation Allocation,
Not Sent,Payment Reconciliation Invoice,
Not Set,Payment Reconciliation Job: {0} is running for this party. Can't reconcile now.,
Not a valid Comma Separated Value (CSV File),Payment Reference,
Not a valid User Image.,Payment References,
Not a valid Workflow Action,Payment Request,
Not a valid user,Payment Request Outstanding,
Not active,Payment Request Type,
Not allowed for {0}: {1},Payment Request for {0},
"Not allowed to attach {0} document, please enable Allow Print For {0} in Print Settings",Payment Request is already created,
Not allowed to create custom Virtual DocType.,Payment Requests cannot be created against: {0},
Not allowed to print cancelled documents,Payment Schedule,
Not allowed to print draft documents,Payment Status,
Not allowed via controller permission check,Payment Term,
Not found,Payment Terms,
Not in Developer Mode,Payment Terms Status for Sales Order,
Not in Developer Mode! Set in site_config.json or make 'Custom' DocType.,Payment Terms Template,
Not permitted,Payment Terms:,
Not permitted to view {0},Payment Type,
Note,"""Payment Type must be one of Receive, Pay and Internal Transfer""",
Note Seen By,Payment URL,
Note:,Payment Unlink Error,
Note: By default emails for failed backups are sent.,Payment amount cannot be less than or equal to 0,
Note: Changing the Page Name will break previous URL to this page.,Payment and Accounting,
Note: Etc timezones have their signs reversed.,Payment of {0} received successfully.,
"Note: For best results,  images must be of the same size and width must be greater than height.",Payment of {0} received successfully. Waiting for other requests to complete...,
Note: Multiple sessions will be allowed in case of mobile device,Payroll date cannot be greater than employee's relieving date.,
Note: This will be shared with user.,Percentage you are allowed to transfer more against the quantity ordered. For example: If you have ordered 100 units and your Allowance is 10% then you are allowed to transfer 110 units.,
Note: Your request for account deletion will be fulfilled within {0} hours.,Period Based On,
Notes:,Period End Date,
Nothing New,Period End Date cannot be greater than Fiscal Year End Date,
Nothing left to redo,Period Score,
Nothing left to undo,Period Settings,
Nothing to show,Period Start Date must be {0},
Nothing to update,Period To Date,
Notification,Periodicity,
Notification Log,Perm Level,
Notification Recipient,Permanent,
Notification Settings,Permanent Address,
Notification Subscribed Document,Permanent Address Is,
Notification sent to,Permanently Discard {0}?,
Notification: customer {0} has no Mobile number set,Permanently Submit {0}?,
Notification: document {0} has no {1} number set (field: {2}),Permanently delete {0}?,
Notification: user {0} has no Mobile number set,Permission Error,
Notifications,Permission Inspector,
Notifications Disabled,Permission Level,
Notifications and bulk mails will be sent from this outgoing server.,Permission Levels,
Notify Users On Every Login,Permissions Error,
Notify by Email,"""Permissions are set on Roles and Document Types (called DocTypes) by setting rights like Read, Write, Create, Delete, Submit, Cancel, Amend, Report, Import, Export, Print, Email and Set User Permissions.""",
Notify by email,"""Permissions at level 0 are Document Level permissions, i.e. they are primary for access to the document.""",
Notify if unreplied,Permitted Documents For User,
Notify if unreplied for (in mins),Permitted Roles,
Notify users with a popup when they log in,Personal,
Now,Personal Data Deletion Step,
Number,Personal Data Download Request,
Number Card,Personal Details,
Number Card Link,Personal Email,
Number Card Name,Petrol,
Number Cards,Pharmaceutical,
Number Format,Phone,
Number of Backups,Phone No.,
Number of DB Backups,Phone Number {0} set in field {1} is not valid.,
Number of DB backups cannot be less than 1,Pick Columns,
Number of Groups,Pick List Incomplete,
Number of Queries,Pick Serial / Batch Based On,
"Number of attachment fields are more than {}, limit updated to {}.",Picked Qty,
Number of backups must be greater than zero.,Picked Qty (in Stock UOM),
Number of columns for a field in a Grid (Total Columns in a grid should be less than 11),Pickup,
Number of columns for a field in a List View or a Grid (Total Columns should be less than 11),Pickup Contact Person,
Number of days after which the document Web View link shared on email will be expired,Pickup Date cannot be before this day,
Number of keys,Pickup from,
Number of onsite backups,Pincode,
OAuth,Plaid Client ID,
OAuth Authorization Code,Plaid Environment,
OAuth Bearer Token,Plaid Link Failed,
OAuth Client,Plaid Link Refresh Required,
OAuth Client ID,Plaid Link Updated,
OAuth Client Role,Plaid Secret,
OAuth Error,Plaid Settings,
OAuth Provider Settings,Plaid transactions sync error,
OAuth Scope,Plain Text,
"OAuth has been enabled but not authorised. Please use ""Authorise API Access"" button to do the same.",Plan,
OPTIONS,Plan Name,
OR,Plan material for sub-assemblies,
OTP App,Plan operations X days in advance,
OTP Issuer Name,Plan time logs outside Workstation working hours,
OTP Secret Reset - {0},Plan to Request Qty,
OTP Secret has been reset. Re-registration will be required on next login.,Planned,
OTP setup using OTP App was not completed. Please contact Administrator.,Planned End Date,
Occurrences,Planned Quantity,
Off,Plans,
Office,Please Authorize OAuth for Email Account {},
Office 365,Please Duplicate this Website Theme to customise.,
Official Documentation,Please Select Company First,
Offset X,Please Select a Company,
Offset Y,Please Select a Company.,
Old Password,Please Set Priority,
Old and new fieldnames are same.,Please Set Supplier Group in Buying Settings.,
Older backups will be automatically deleted,Please Specify Account,
Oldest Unscheduled Job,Please add 'Supplier' role to user {0}.,
On Hold,Please add a Temporary Opening account in Chart of Accounts,
On Payment Authorization,Please add the account to root level Company - {},
On Payment Charge Processed,Please add the remaining benefits {0} to any of the existing component,
On Payment Failed,Please add the remaining benefits {0} to the application as pro-rata component,
On Payment Mandate Acquisition Processed,Please add {1} role to user {0}.,
On Payment Mandate Charge Processed,Please adjust the qty or edit {0} to proceed.,
On Payment Paid,Please ask your administrator to verify your sign-up,
"On checking this option, URL will be treated like a jinja template string",Please cancel payment entry manually first,
On or After,Please check OpenID Configuration URL,
On or Before,Please check Process Deferred Accounting {0} and submit manually after resolving errors.,
"On {0}, {1} wrote:","""Please check the error message and take necessary actions to fix the error, then restart the reposting again.""",
Onboard,"""Please check the value of """"Fetch From"""" set for field {0}.""",
Onboarding Name,Please check your email for verification.,
Onboarding Permission,Please check your email login credentials.,
Onboarding Status,Please check your email to confirm the appointment.,
Onboarding Step,Please check your registered email address for instructions on how to proceed. Do not close this window as you will have to return to it.,
Onboarding Step Map,Please click Edit on the Workspace for best results.,
Onboarding complete,"""Please click on 'Export Errored Rows', fix the errors and import again.""",
"Once submitted, submittable documents cannot be changed. They can only be Cancelled and Amended.",Please click on 'Generate Schedule' to fetch Serial No added for Item {0}.,
"Once you have set this, the users will only be able access documents (eg. Blog Post) where the link exists (eg. Blogger).",Please click on the following link and follow the instructions on the page: {0}.,
One Last Step,Please click on the following link to set your new password.,
One Time Password (OTP) Registration Code from {},Please close this window.,
One of,Please confirm your action to {0} this document.,
Only 200 inserts allowed in one request,Please contact your administrator to extend the credit limits for {0}.,
Only Administrator can delete Email Queue,Please contact your system manager to install the correct version.,
Only Administrator can edit,Please convert the parent account in the corresponding child company to a group account.,
Only Administrator can save a standard report. Please rename and save.,Please create the Card first.,
Only Administrator is allowed to use Recorder,Please create a Customer from Lead {0}.,
Only Allow Edit For,Please create Landed Cost Vouchers against Invoices that have 'Update Stock' enabled.,
Only Options allowed for Data field are:,Please do not change the template headings.,
Only Send Records Updated in Last X Hours,Please duplicate this to make changes.,
Only Workspace Manager can edit public workspaces,Please enable at least one Social Login Key or LDAP or Login With Email Link before disabling username/password based login.,
Only allowed to export customizations in developer mode,Please enable the default incoming account before creating the Daily Work Summary Group.,
Only change this if you want to use other S3 compatible object storage backends.,Please enable pop-ups.,
Only draft documents can be discarded,Please enable pop-ups in your browser.,
Only for,Please enable {} in {} to allow the same item in multiple rows.,
Only mandatory fields are necessary for new records. You can delete non-mandatory columns if you wish.,Please ensure that your profile has an email address.,
Only one {0} can be set as primary.,Please ensure {} account is a Balance Sheet account.,
Only reports of type Report Builder can be deleted,Please enter <b>Difference Account</b> or set the default <b>Stock Adjustment Account</b> for company {0}.,
Only reports of type Report Builder can be edited,Please enter Access Token URL.,
Only standard DocTypes are allowed to be customized from Customize Form.,Please enter Authorize URL.,
Only the Administrator can delete a standard DocType.,Please enter Base URL.,
Only the assignee can complete this to-do.,Please enter Client ID before social login is enabled.,
Only users involved in the document are listed,Please enter Client Secret before social login is enabled.,
Only {0} emailed reports are allowed per user.,Please enter Item Code to get Batch Number.,
Oops! Something went wrong.,Please enter Item Code to get batch no.,
Open,Please enter Item first.,
Open Awesomebar,Please enter Planned Qty for Item {0} at row {1}.,
Open Communication,Please enter Purchase Receipt first.,
Open Document,Please enter Redirect URL.,
Open Documents,Please enter Reference date.,
Open Help,Please enter Warehouse and Date,
Open Link,Please enter company first,
Open Reference Document,Please enter quantity for item {0},
Open Settings,Please enter serial nos,
Open Source Applications for the Web,Please enter the company name to confirm,
Open Translation,Please enter the {schedule_date}.,
Open URL in a New Tab,Please enter valid Financial Year Start and End Dates,
Open a dialog with mandatory fields to create a new record quickly. There must be at least one mandatory field to show in dialog.,Please enter your new password.,
Open a module or tool,Please enter your old password.,
Open in a new tab,Please enter {0} first,
Open list item,Please fill the Material Requests table,Description of a list view shortcut
Open reference document,Please fill the Sales Orders table,
Open your authentication app on your mobile phone.,Please find attached {0}: {1},
Open {0},"""Please first set Last Name, Email and Phone for the user""",
OpenID Configuration,Please fix overlapping time slots for {0},
OpenLDAP,Please fix overlapping time slots for {0}.,
Opened,Please import accounts against parent company or enable {} in company master.,
Operation,Please select Company and Designation,
Operator must be one of {0},Please select Qty against item {0},
Optimize,Please select a country,
Optimizing image...,Please select a csv file,
Option 1,Please select a customer for fetching payments.,
Option 2,Please select a date,
Option 3,Please select a date and time,
Option {0} for field {1} is not a child table,Please select a date.,
Optional: Always send to these ids. Each Email Address on a new row,Please select a row to create a Reposting Entry,
Optional: The alert will be sent if this expression is true,Please select a supplier for fetching payments.,
Options,Please select a valid Purchase Order that has Service Items.,
Options 'Dynamic Link' type of field must point to another Link Field with options as 'DocType',Please select a valid Purchase Order that is configured for Subcontracting.,
Options Help,Please select an Applicant,
Options for Rating field can range from 3 to 10,Please select an item code before setting the warehouse.,
Options for select. Each option on a new line.,Please select another payment method. Mpesa does not support transactions in currency '{0}',
Options for {0} must be set before setting the default value.,Please select another payment method. PayPal does not support transactions in currency '{0}',
Options is required for field {0} of type {1},Please select another payment method. Paytm does not support transactions in currency '{0}',
Options not set for link field {0},Please select another payment method. Razorpay does not support transactions in currency '{0}',
Orange,Please select another payment method. Stripe does not support transactions in currency '{0}',
Order,Please select applicable Doctypes,
Org History,Please select the Company,
Org History Heading,Please select the Document Type.,
Orientation,Please select the customer.,
Original Value,Please select the employees you want to mark attendance for.,
Other,Please select the required filters,
Outgoing,Please set Basic and HRA component in Company {0},
Outgoing (SMTP) Settings,Please set Company,
Outgoing Emails (Last 7 days),Please set Depreciation related Accounts in Asset Category {0} or Company {1},
Outgoing Server,Please set Earning Component for Leave type: {0}.,
Outgoing Settings,Please set Email Address,
Outgoing email account not correct,Please set Email/Phone for the contact,
Outlook.com,Please set Fiscal Code for the customer '%s',
Output,Please set Fiscal Code for the public administration '%s',
Overview,Please set default {0} in Company {1},
Owner,Please set filters value in Report Filter table.,
PATCH,Please set the Appraisal Template for all the {0} or select the template in the Employees table below.,
PDF,Please set the Company,
PDF Generation in Progress,Please set the Customer Address,
PDF Generator,Please set the Date Of Joining for employee {0},
PDF Page Height (in mm),Please set the Holiday List.,
PDF Page Size,Please set the Item Code first,
PDF Page Width (in mm),Please set the Target Warehouse in the Job Card,
PDF Settings,Please set the WIP Warehouse in the Job Card,
PDF generation failed,Please set the cost centre field in {0} or set up a default Cost Centre for the Company.,
PDF generation failed because of broken image links,Please set the document name,
PDF generation may not work as expected.,Please set the following documents in this Dashboard as standard first.,
"PDF printing via ""Raw Print"" is not supported.",Please set the initiator name and the security credential.,
PID,Please set {0}.,
POST,Please verify your Email Address.,
PUT,Polling.,
Package,Port.,
Package Import,Portal.,
Package Name,Portal Menu.,
Package Release,Portal Settings.,
Page,Post Title Key.,
Page Break,Post it here; our mentors will help you out.,
Page Builder,Postal Code.,
Page Building Blocks,Postal Expenses.,
Page HTML,Posted On.,
Page Height (in mm),Posting Date.,
Page Margins,Posting Date Inheritance for Exchange Gain / Loss.,
Page Name,Posting Date cannot be future date.,
Page Number,Posting Datetime.,
Page Route,Posting Time.,
Page Settings,Posting Timestamp.,
Page Shortcuts,Posting date.,
Page Size,Posting date and posting time is mandatory.,
Page Title,Posting timestamp must be after {0}.,
Page Width (in mm),Posts by {0}.,
Page has expired!,Posts filed under {0}.,
Page height and width cannot be zero,Potential Sales Deal.,
Page not found,Powered by {0}.,
"Page to show on the website
",Pre Sales.,
Page {0} of {1},Precision.,
Parameter,Prepared Report User.,
Parent,Prevent POs.,
Parent DocType,Preview Image.,
Parent Document Type,Preview Mode.,
Parent Document Type is required to create a number card,Preview Required Materials.,
Parent Element Selector,Preview Salary Slip.,
Parent Field,Preview of generated names.,
Parent Field (Tree),Preview on {0}.,
Parent Field must be a valid fieldname,Preview type.,
Parent Label,Previous Work Experience.,
Parent Missing,Price.,
Parent Page,Price ({0}).,
Parent Table,Price List Currency not selected.,
Parent document type is required to create a dashboard chart,Price List Rate (Company Currency).,
Parent is the name of the document to which the data will get added to.,Price List must be applicable for Buying or Selling.,
Parentfield not specified in {0}: {1},Price List {0} is disabled or does not exist.,
"Parenttype, Parent and Parentfield are required to insert a child record",Price Not UOM Dependent.,
Partial,Price not found for item {0} in price list {1}.,
Partial Success,Pricing.,
Partially Sent,Pricing Rules are further filtered based on quantity.,
Participants,Principal Amount,
Pass,Print taxes with zero amount,
Passive,Printed On {0},
Password,Printer Mapping,
Password Email Sent,Printer Name,
Password Reset,Printer mapping not set.,
Password Reset Link Generation Limit,Printing,
Password cannot be filtered,Printing Details,
Password changed successfully.,Printing Settings,
Password for Base DN,Printing failed,
Password is required or select Awaiting Password,Priorities,
Password missing in Email Account,Priority,
Password not found for {0} {1} {2},Priority cannot be lesser than 1.,
Password reset instructions have been sent to {}'s email,Priority {0} has been repeated.,
Password set,Private,
Password size exceeded the maximum allowed size,Private Files (MB),
Password size exceeded the maximum allowed size.,Privilege Leave,
Passwords do not match,ProTip: Add <code>Reference: {{ reference_doctype }} {{ reference_name }}</code> to send document reference,
Passwords do not match!,Probability,
Past dates are not allowed for Scheduling.,Probation,
Paste,Probationary Period,
Patch,Problem,
Patch Log,Procedure,
Patch type {} not found in patches.txt,Proceed,
Path,Proceed Anyway,
Path to CA Certs File,Process Attendance After,
Path to Server Certificate,Process Deferred Accounting,
Path to private Key File,Process Description,
Path {0} it not a valid path,Process Loss,
Payload Count,Process Statement Of Accounts Customer,
Peak Memory Usage,Prospect Owner,
Pending,Prospect {0} already exists,
Pending Approval,Protected File,
Pending Emails,Provide a list of allowed file extensions for file uploads. Each line should contain one allowed file type. If unset all file extensions are allowed. Example: <br>CSV<br>JPG<br>PNG,
Pending Jobs,Provider Name,
Pending Verification,Public Files (MB),
Percent,Published On,
Percentage,Publisher,
Period,Pulling emails...,
Perm Level,Purchase Receipts,
Permanent,Purchase Register,
Permanently Cancel {0}?,Purchase Taxes and Charges,
Permanently Discard {0}?,Purchase Taxes and Charges Template,
Permanently Submit {0}?,Purchase User,
Permanently delete {0}?,Purchase Value,
Permission Error,Purchase orders help you plan and follow up on your purchases,
Permission Inspector,Purchased,
Permission Level,Purchases,
Permission Levels,Purchasing,
Permission Log,Purple,
Permission Query,Purpose,
Permission Rules,Purpose & Amount,
Permission Type,Purpose must be one of {0},
Permissions,Purpose of Travel,
Permissions Error,Purposes,
Permissions are automatically applied to Standard Reports and searches.,Purposes Required,
"Permissions are set on Roles and Document Types (called DocTypes) by setting rights like Read, Write, Create, Delete, Submit, Cancel, Amend, Report, Import, Export, Print, Email and Set User Permissions.",Push Notification Settings,
Permissions at higher levels are Field Level permissions. All Fields have a Permission Level set against them and the rules defined at that permissions apply to the field. This is useful in case you want to hide or make certain field read-only for certain Roles.,Push to Google Calendar,
"Permissions at level 0 are Document Level permissions, i.e. they are primary for access to the document.",Push to Google Contacts,
Permissions get applied on Users based on what Roles they are assigned.,Put on Hold,
Permitted Documents For User,Putaway Rule,
Permitted Roles,Putaway Rule already exists for Item {0} in Warehouse {1}.,
Personal,QR Code,
Personal Data Deletion Request,QR Code for Login Verification,
Personal Data Deletion Step,QZ Tray Connection Active!,
Personal Data Download Request,QZ Tray Failed:,
Phone,Qty After Transaction,
Phone No.,Qty Consumed Per Unit,
Phone Number {0} set in field {1} is not valid.,Qty Per Unit,
Pick Columns,Qty To Manufacture,
Pie,Qty to Fetch,
Pincode,Qty to Order,
Pink,Qty to Produce,
Placeholder,Qualification,
Places,Qualification Status,
Plain Text,Quality Feedback Template Parameter,
Plant,Quality Procedure,
Please Authorize OAuth for Email Account {0},Quantity,
Please Authorize OAuth for Email Account {},Quantity that must be bought or sold per UOM,
Please Duplicate this Website Theme to customize.,Quantity & Stock,
Please Install the ldap3 library via pip to use ldap functionality.,Quantity Difference,
Please Set Chart,Quantity is required,
Please Update SMS Settings,Quantity required for Item {0} in row {1},
Please add a subject to your email,Quantity to Produce,
Please add a valid comment.,Quantity to Produce should be greater than zero.,
Please ask your administrator to verify your sign-up,Query Report,
Please attach a file first.,Query must be of SELECT or read-only WITH type.,
Please attach an image file to set HTML for Footer.,Questionnaire Email Sent,
Please attach an image file to set HTML for Letter Head.,Queue,
Please attach the package,Queue Overloaded,
Please check OpenID Configuration URL,Queue should be one of {0},
Please check the filter values set for Dashboard Chart: {},Queued for Submission. You can track the progress over {0}.,
"Please check the value of ""Fetch From"" set for field {0}",Queued for backup. It may take a few minutes to an hour.,
Please check your email for verification,Queues,
Please check your email login credentials.,Queuing emails...,
Please check your registered email address for instructions on how to proceed. Do not close this window as you will have to return to it.,Rate at which supplier's currency is converted to company's base currency,
Please click Edit on the Workspace for best results,Rate at which this tax is applied,
"Please click on 'Export Errored Rows', fix the errors and import again.",Rate limit for email link login,
Please click on the following link and follow the instructions on the page. {0},Rate of Stock UOM,
Please click on the following link to set your new password,Rate or Discount,
Please close this window,Rate or Discount is required for the price discount.,
Please confirm your action to {0} this document.,Rating,
Please contact your system manager to install correct version.,Raw Commands,
Please create Card first,Raw Material,
Please create chart first,Raw Material Item,
Please delete the field from {0} or add the required doctype.,Raw Materials,
Please do not change the template headings.,Raw Materials Consumed,
Please duplicate this to make changes,Raw Materials Supplied,
Please enable atleast one Social Login Key or LDAP or Login With Email Link before disabling username/password based login.,Raw Printing,
Please enable pop-ups,Read Only Depends On,
Please enable pop-ups in your browser,Read Only Depends On (JS),
Please enable {} before continuing.,Read Time,
Please ensure that your profile has an email address,Read the documentation to know more,
Please enter Access Token URL,Reading 3,
Please enter Authorize URL,Reading 6,
Please enter Base URL,Reading 7,
Please enter Client ID before social login is enabled,Reading 8,
Please enter Client Secret before social login is enabled,Reading 9,
Please enter OpenID Configuration URL,Reason for Leaving,
Please enter Redirect URL,Rebuild Tree,
Please enter a valid email address.,Receivable,
Please enter both your email and message so that we can get back to you. Thanks!,Receivable / Payable Account,
Please enter the password,Received From,
Please enter the password for: <b>{0}</b>,Received Items To Be Billed,Email Account
Please enter valid mobile nos,Received Quantity,
Please enter your new password.,Received Stock Entries,
Please enter your old password.,Received an invalid token type.,
Please find attached {0}: {1},Receiver List is empty. Please create Receiver List,
Please login to post a comment.,Recent Leaves,
Please make sure the Reference Communication Docs are not circularly linked.,Recent Orders,
Please refresh to get the latest document.,Reconcile Effect On,
Please remove the printer mapping in Printer Settings and try again.,Reconcile Entries,
Please save before attaching.,Reconcile on Advance Payment Date,
Please save the Newsletter before sending,Reconciled Entries,
Please save the document before assignment,Reconciliation Date,
Please save the document before removing assignment,Reconciliation Error Log,
Please save the report first,Reconciliation Logs,
Please save to edit the template.,Reconciliation Progress,
Please select Company,Recoverable Standard Rated expenses should not be set when Reverse Charge Applicable is Y,
Please select DocType first,Recursive Fetch From,
Please select Entity Type first,Redeem Loyalty Points,
Please select Minimum Password Score,Redirect URI,
Please select X and Y fields,Reference Doctype and Dashboard Name both can't be used at the same time.,
Please select a country code for field {1}.,Reference Document,
Please select a file first.,Reference No and Reference Date is mandatory for Bank transaction,
Please select a file or url,Reference No is mandatory if you entered Reference Date,
Please select a valid csv file with data,Reference Report,
Please select a valid date filter,Reference Row,
Please select applicable Doctypes,References,
Please select atleast 1 column from {0} to sort/group,Referral Bonus Payment Status,
Please select prefix first,Refresh Token,
Please select the Document Type.,Regards,
Please select the LDAP Directory being used,Regenerate Stock Closing Entry,
Please select {0},Rejected Quantity,
Please set Dropbox access keys in site config or doctype,Relieving Date,
Please set Email Address,Relieving Date Missing,
Please set a printer mapping for this print format in the Printer Settings,Reminded,
Please set filters,Rename field name,
Please set filters value in Report Filter table.,Rename log,
Please set the document name,Reorder level based on warehouse,
Please set the following documents in this Dashboard as standard first.,Repack,
Please set the series to be used.,Repair details,
"Please setup SMS before setting it as an authentication method, via SMS Settings",Repeat on days,
Please setup a message first,Repeat on last day of the month,
Please setup default outgoing Email Account from Settings > Email Account,"""Repeats like """"aaa"""" are easy to guess""",
Please setup default outgoing Email Account from Tools > Email Account,"""Repeats like """"abcabcabc"""" are only slightly harder to guess than """"abc""""""",
Please specify,"""Replace a particular BOM in all other BOMs where it is used. It will replace the old BOM link, update cost, and regenerate """"BOM Explosion Item"""" table as per new BOM.
It also updates the latest price in all the BOMs.""",
Please specify a valid parent DocType for {0},Replied,
Please specify at least 10 minutes due to the trigger cadence of the scheduler,Reply,
Please specify the minutes offset,Report date,
Please specify which date field must be checked,Report description,
Please specify which datetime field must be checked,Report document error,
Please specify which value field must be checked,Report error,
Please try again,Report information,
Please update {} before continuing.,Report ref doc type,
Please use a valid LDAP search filter,Report reference doctype,
Please verify your Email Address,Report type,
Please visit https://frappecloud.com/docs/sites/migrate-an-existing-site#encryption-key for more information.,Report type is mandatory,
Point Allocation Periodicity,Report view,
Points,Report cannot be set for single types,
Points Given,"""Report has no data, please modify the filters or change the report name""",
Polling,Report limit reached,
Popover Element,Report timed out.,
Popover or Modal Description,Report updated successfully,
Port,Report was not saved (there were errors),
Portal Menu,Report {0},
Portal Menu Item,Report {0} deleted,
Portal Settings,Report {0} is disabled,
Portrait,Reports,
Position,Reports & masters,
Post,Reports already in queue,
"Post it here, our mentors will help you out.",Repost item valuation,
Postal,Repost payment ledger,
Postal Code,Repost payment ledger items,
Posting Timestamp,Reposting progress,
Posts by {0},Represents company,
Posts filed under {0},Represents a financial year. All accounting entries and other major transactions are tracked against the fiscal year.,
Precision,Required by date,
Precision should be between 1 and 6,Required quantity,
Predictable substitutions like '@' instead of 'a' don't help very much.,Request attendance,
Prefer not to say,Request body,
Preferred Billing Address,Request for quotation,
Preferred Shipping Address,Request limit,
Prefix,Request method,
Prepared Report,Request parameters,
Prepared Report Analytics,Request structure,
Prepared Report User,Request timed out,
Prepared report render failed,Request timeout,
Preparing Report,Request type,
Prepend the template to the email message,Request URL,
Press Alt Key to trigger additional shortcuts in Menu and Sidebar,Request an advance,
Press Enter to save,Request for,
Preview,Requested items to be transferred,
Preview HTML,Requested numbers,
Preview Image,Requested quantity,
Preview Message,Requested quantity: Quantity requested for purchase but not ordered.,
Preview Mode,Requesting site,
Preview of generated names,Require trusted certificate,
Preview on {0},Required by,
Preview type,Required date,
Preview:,Required items,
Previous,Required on,
Previous Hash,Required quantity,
Previous Submission,Required skills,
Primary,Reset permissions for {0}?,
Primary Address,Reset your password,
Primary Color,Resolution,
Primary Contact,Resolution By,
Primary Email,Resolution Due,
Primary Mobile,Resolution Time,
Primary Phone,Resolve,
Primary key of doctype {0} can not be changed as there are existing values.,Response,
Print,Response By,
Print Documents,Response Details,
Print Format,Response Key List,
Print Format Builder,Response Options,
Print Format Builder Beta,Response Result Key Path,
Print Format Error,Response Time for {0} priority in row {1} can't be greater than Resolution Time.,
Print Format Field Template,Response Type,
Print Format Help,Response and Resolution,
Print Format Type,Responsibilities,
Print Format {0} is disabled,Responsible,
Print Hide,Rest of the day,
Print Hide If No Value,Restart,
Print Language,Restore,
Print Sent to the printer!,Restored,
Print Server,Restoring Deleted Document,
Print Settings,Restrict,
Print Style,Restrict Backdated Leave Application,
Print Style Name,Restrict IP,
Print Style Preview,Restrict Items Based On,
Print Width,Restrict to Countries,
"Print Width of the field, if the field is a column in a table",Restrict to Domain,
Print document,Result,
Print with letterhead,Result Route Field,
Printer,Resume Attachment,
Printer Mapping,Resume Job,
Printer Name,Resume Link,
Printer Settings,Resume Sending,
Printer mapping not set.,Resume Timer,
Printing,Resume link,
Printing failed,Retained Earnings,
Priority,Retention Stock Entry,
Private,Retry Failed Transactions,
Private Files (MB),Retry Sending,
ProTip: Add <code>Reference: {{ reference_doctype }} {{ reference_name }}</code> to send document reference,Return / Credit Note,
Proceed,Return Components,
Proceed Anyway,Return Issued,
Processing,Review Levels,
Processing...,Revised CTC,
Prof,Roles,
Progress,Root cannot have a parent cost centre,
Project,Roster Colour,
Property,Row #{0}:,
Property Depends On,Row #{0}: A reorder entry already exists for warehouse {1} with reorder type {2}.,
Property Setter,Row #{0}: Acceptance Criteria Formula is incorrect.,
Property Setter overrides a standard DocType or Field property,Row #{0}: Acceptance Criteria Formula is required.,
Property Type,Row #{0}: Accepted Warehouse and Rejected Warehouse cannot be the same,
Protect Attached Files,Row #{0}: Cannot delete item {1} which has already been received.,
Protected File,Row #{0}: Cannot delete item {1} which has a work order assigned to it.,
"Provide a list of allowed file extensions for file uploads. Each line should contain one allowed file type. If unset, all file extensions are allowed. Example: <br>CSV<br>JPG<br>PNG",Row #{0}: Cannot set Rate if the amount is greater than the billed amount for Item {1}.,
Provider,Row #{0}: Cannot transfer more than Required Qty {1} for Item {2} against Job Card {3}.,
Provider Name,Row #{0}: Child Item should not be a Product Bundle. Please remove Item {1} and Save.,
Public,Row #{0}: Consumed Asset {1} does not belong to company {2}.,
Public Files (MB),Row #{0}: Cost Centre {1} does not belong to company {2}.,
Publish,Row #{0}: Cumulative threshold cannot be less than Single Transaction threshold.,
Publish as a web page,Row #{0}: Expected Delivery Date cannot be before Purchase Order Date.,
Published,Row #{0}: Finished Good Item Qty cannot be zero.,
Published On,Row #{0}: Finished Good Item {1} must be a sub-contracted item.,
Published on,Row #{0}: Finished Good must be {1}.,
Publishing Dates,"""Row #{0}: For {1}, you can select reference document only if the account gets credited.""",
Pull Emails,"""Row #{0}: For {1}, you can select reference document only if the account gets debited.""",
Pull from Google Calendar,Row #{0}: From Date cannot be before To Date.,
Pull from Google Contacts,Row #{0}: Item added.,
Pulled from Google Calendar,Row #{0}: Item {1} does not exist.,
Pulled from Google Contacts,Row #{0}: Item {1} has been picked; please reserve stock from the Pick List.,
Pulling emails...,Row #{0}: Item {1} is not a Serialized/Batched Item. It cannot have a Serial No/Batch No against it.,
Purchase Manager,Row #{0}: Qty must be a positive number.,
Purchase Master Manager,Row #{0}: Qty should be less than or equal to Available Qty to Reserve (Actual Qty - Reserved Qty) {1} for Item {2} against Batch {3} in Warehouse {4}.,
Purchase User,Row #{idx}: Please enter a location for the asset item {item_code}.,
Purple,Row #{idx}: {schedule_date} cannot be before {transaction_date}.,
Push Notification Settings,Row #{}: POS Invoice {} is not submitted yet.,
Push to Google Calendar,Row #{}: Please assign the task to a member.,
Push to Google Contacts,Row #{}: Please use a different Finance Book.,
Put on Hold,Row #{}: Serial No {} cannot be returned since it was not transacted in original invoice {}.,
Python,Row #{}: You cannot add positive quantities in a return invoice. Please remove item {} to complete the return.,
QR Code,Row #{}: Item {} has been picked already.,
QR Code for Login Verification,Row #{}: {},
QZ Tray Connection Active!,Row #{}: {} {} does not exist.,
Quarter Day,Row {0}: {1} account already applied for Accounting Dimension {2},
Quarterly,Row {0}: {1} must be greater than 0,
Query,Row {0}: {1} {2} cannot be the same as {3} (Party Account) {4},
Query / Script,Row {0}: {1} {2} does not match with {3},
Query Options,Row {0}: {2} Item {1} does not exist in {2} {3},
Query Parameters,"""Row {1}: Quantity ({0}) cannot be a fraction. To allow this, disable '{2}' in UOM {3}.""",
Query Report,Row {idx}: Asset Naming Series is mandatory for the auto creation of assets for item {item_code}.,
Query analysis complete. Check suggested indexes.,Row({0}): {1} is already discounted in {2},
Query must be of SELECT or read-only WITH type.,Rows Added,
Queue,Rows Removed,
Queue Overloaded,Rows Removed in {0},
Queue Status,Rows with duplicate due dates in other rows were found: {0},
Queue Type(s),Rows: {0} have 'Payment Entry' as reference_type. This should not be set manually.,
Queue in Background (BETA),Rows: {0} in {1} section are Invalid. Reference Name should point to a valid Payment Entry or Journal Entry.,
Queue should be one of {0},Rule,
Queue(s),Rule Applied,
Queued,Rule Conditions,
Queued At,Rule Description,
Queued By,Rule Name,
Queued for Submission. You can track the progress over {0}.,Rule for this doctype role permlevel and if-owner combination already exists.,
Queued for backup. It may take a few minutes to an hour.,Rules,
Queued for backup. You will receive an email with the download link,Rules defining transition of state in the workflow.,
Queued {0} emails,Rules for how states are transitioned like next state and which role is allowed to change state etc.,
Queues,Rules with higher priority number will be applied first.,
Queuing emails...,Run Jobs only Daily if Inactive For (Days),
Queuing {0} for Submission,Run parallel job cards in a workstation,
Quick Entry,Run scheduled jobs only if checked,
Quick Help for Setting Permissions,Runtime in Minutes,
Quick List Filter,S3 Backup Settings,
Quick Lists,S3 Backup complete!,
Quoting must be between 0 and 3,SMS Parameter,
RAW Information Log,SMS Settings,
RQ Job,SMS was not sent. Please contact Administrator.,
RQ Worker,SMTP Server is required,
Random,SQL Explain,
Range,SQL Output,
Rank,SQL Queries,
Rate Limiting,SUP-.YYYY.-,
Rate Limits,SWATCHES,
Rate limit for email link login,Salary Details,
Rating,Salary Slip,
Raw Commands,Salary Slip Loan,
Raw Email,Salary Slip Timesheet,
Raw Printing,Salary Structure not found for employee {0} and date {1},
Raw Printing Setting,Salary Structure should have flexible benefit component(s) to dispense benefit amount,
Raw Printing Settings,Salary Structure {0} does not belong to company {1},
Re-Run in Console,Salary Withholding,
Re:,Salary components should be part of the Salary Structure.,
Re: {0},Salary slip emails have been enqueued for sending.,
Read,Sales,
Read Only,Sales Account,
Read Only Depends On,Sales Analytics,
Read Only Depends On (JS),Sales Contributions and Incentives,
Read Only Mode,Sales Defaults,
Read Time,Sales Expenses,
Read by Recipient,Sales Funnel,
Read by Recipient On,Sales Incoming Rate,
Read mode,Sales Invoice,
Read the documentation to know more,Sales Invoice Advance,
Readme,Sales Opportunities by Source,
Realtime (SocketIO),Sales Order,
Reason,Sales Order Analysis,
Rebuild,Sales Order {0} is not submitted,
Rebuild Tree,Sales Order {0} is not valid,
Rebuilding of tree is not supported for {},Sales Orders,
Received,Sales Partners Commission,
Received an invalid token type.,Sales Return,
Receiver By Document Field,Sales Summary,
Receiver By Role,Sales Tax Template,
Receiver Parameter,Sales Team,
Recent Activity,Sales User,
Recent years are easy to guess.,Salvage Value Percentage,
Recents,Same Company is entered more than once,
Recipient,Same Field is entered more than once,
Recipient Unsubscribed,Same item and warehouse combination already entered.,
Recipients,Same item cannot be entered multiple times.,
Recorder,Save Report,
Recorder Query,Save as Draft,
Recorder Suggested Index,Save filters,
Records for following doctypes will be filtered,Saved,
Recursive Fetch From,Scan Barcode,
Red,Scan Batch No,
Redirect HTTP Status,Scanned Cheque,
Redirect URI,Scanned Quantity,
Redirect URI Bound To Auth Code,Schedule,
Redirect URIs,Schedule Date,
Redirect URL,Schedule Newsletter,
Redirect to the selected app after login,Schedule Send At,
Redirect to this URL after successful confirmation.,Schedule sending,
Redirects,Schedule sending at a later time,
Redis cache server not running. Please contact Administrator / Tech support,Scheduled,
Redo,Scheduled Against,
Redo last action,Scheduled Date,
Ref DocType,Scheduled Job Type,
Referance Doctype and Dashboard Name both can't be used at the same time.,Scheduled On,
Reference,Scheduled Sending,
Reference Date,Scheduled Time Logs,
Reference Datetime,Scheduled execution for script {0} has updated,
Reference DocName,Scheduler Event,
Reference DocType,Scheduler Inactive,
Reference DocType and Reference Name are required,Scheduler Status,
Reference Docname,Scheduler cannot be re-enabled when maintenance mode is active.,
Reference Doctype,Scheduler is Inactive. Can't trigger job now.,
Reference Document,Scheduler is inactive. Cannot enqueue job.,
Reference Document Name,Scheduler is inactive. Cannot import data.,
Reference Document Type,Scheduler is inactive. Cannot merge accounts.,
Reference Name,Schedules,
Reference Owner,Score Earned,
Reference Report,Scorecard Actions,
Reference Type,Scores,
Reference document has been cancelled,Scoring Criteria,
Reference name,Scoring Standings,
Reference: {0} {1},Scrap Cost Per Qty,
Referrer,Script Manager,
Refresh,Scripting,
Refresh All,Scripting / Style,
Refresh Google Sheet,Scripts,
Refresh List,Search,
Refresh Token,Search Bar,
Refreshing,Search Fields,Document count in list view
Refreshing...,Search Help,
Registered but disabled,Search by customer name phone email.,
Rejected,Search fieldtypes...,
Relay Server URL missing,Search results for,
Relay Settings,Search the docs (Press / to focus),
Release Notes,Searching ...,
Relink,Section Heading,
Relink Communication,Section ID,
Relinked,Section Title,
Reload,Section must have at least one column,
Reload File,Secured Loans,
Reload List,Securities and Deposits,
Reload Report,Security Settings,
Remember Last Selected Value,Seems API Key or API Secret is wrong!!!,
Remind At,Seems Publishable Key or Secret Key is wrong!!!,
Remind Me,Seems token you are using is invalid!,
Remind Me In,Seen,
Reminder,Seen By Table,
Reminder cannot be created in past.,Segregate Serial / Batch Bundle,
Reminder set at {0},Select,
Remove,Select All,
Remove Failed Jobs,Select Alternate Item,
Remove Field,Select Alternative Items for Sales Order,
Remove Filter,Select Attachments,
Remove Section,Select BOM and Qty for Production,
Remove all customizations?,"""Select BOM, Qty and For Warehouse""",
Remove all fields in the column,Select Batch No,
Remove column,Select Billing Address,
Remove field,Select Brand...,
Remove last column,Select Columns,
Remove page break,Select Columns and Filters,
Remove section,Select Company,
Remove tab,Select Corrective Operation,
Removed,Select Country,
Removed {0},Select Customers By,
Rename,Select Date Range,
Rename Fieldname,"""Select Date of joining. It will have impact on the first salary calculation, Leave allocation on pro-rata basis.""",
Rename {0},Select DocType,
"Renamed files and replaced code in controllers, please check!",Select Doctype,
Render labels to the left and values to the right in this section,Select Document Type or Role to start.,
Reopen,Select Field...,
Repeat,Select Items based on Delivery Date,
Repeat Header and Footer,Select Items up to Delivery Date,
Repeat On,Select Job Worker Address,
Repeat Till,Select Language,
Repeat on Day,Select List View,
Repeat on Days,Select Loyalty Program,
Repeat on Last Day of the Month,Select Mandatory,
Repeat this Event,Select Module,
"Repeats like ""aaa"" are easy to guess",Select Network Printer,
"Repeats like ""abcabcabc"" are only slightly harder to guess than ""abc""",Select Page,
Repeats {0},Select Payment Account to make Bank Entry,
Replicate,Select Print Format,
Replicating...,Select Print Format to Edit,
Replication completed.,Select Property,
Replied,Select Quantity,
Reply,Select Serial No,
Reply All,Select Serial and Batch,
Report,Select Shift Requests,
Report Builder,Select Shipping Address,
Report Column,Select Supplier Address,
Report Description,Select Target Warehouse,
Report Document Error,Select Terms and Conditions,
Report Filter,Select Time Zone,
Report Filters,Select Transaction,
Report Hide,Select Users,
Report Information,Select View,
Report Manager,Select Vouchers to Match,
Report Name,Select Warehouse...,
"Report Name, Report Field and Fucntion are required to create a number card",Select Warehouses to get Stock for Materials Planning,
Report Ref DocType,Select Workflow,
Report Reference Doctype,Select Workspace,
Report Type,Select Workspaces,
Report View,Select a Company,
Report bug,Select a Customer,
Report cannot be set for Single types,Select a Default Priority.,
"Report has no data, please modify the filters or change the Report Name",Select a DocType to make a new format,
"Report has no numeric fields, please change the Report Name",Select a Supplier,
"Report initiated, click to view status","""Select a Supplier from the Default Suppliers of the items below. On selection, a Purchase Order will be made against items belonging to the selected Supplier only.""",
Report limit reached,Select a company,
Report timed out.,Select a field to edit its properties.,
Report updated successfully,Select a group node first.,
Report was not saved (there were errors),Select a valid Sender Field for creating documents from Email,
Report with more than 10 columns looks better in Landscape mode.,Select a valid Subject field for creating documents from Email,
Report {0},Select an Image,
Report {0} deleted,Select an Item Group.,
Report {0} is disabled,Select an account to print in account currency,
Report {0} saved,Select an app to continue,
Report:,Select an employee to get the employee advance.,
Reports,Select an existing format to edit or start a new format.,
Reports & Masters,Select an image of approx width 150px with a transparent background for best results.,
Reports already in Queue,Select an item from each set to be used in the Sales Order.,
Represents a User in the system.,Select the date,
Represents the states allowed in one document and role assigned to change the state.,Select the date after which this Leave Allocation will expire.,
Request Body,Select the raw materials (Items) required to manufacture the Item,
Request Data,Select the start date for your Leave Application.,
Request Description,Select this if you want shift assignments to be automatically created indefinitely.,
Request Headers,"""Select type of leave the employee wants to apply for, like Sick Leave, Privilege Leave, Casual Leave, etc.""",
Request ID,Select variant item code for the template item {0},
Request Limit,"Select whether to get items from a Sales Order or a Material Request. For now select <b>Sales Order</b>.
 A Production Plan can also be created manually where you can select the Items to manufacture.",
Request Method,Select whether to get items from a Sales Order or a Material Request.,
Request Structure,"""Select your Leave Approver, i.e. the person who approves or rejects your leaves.""",
Request Timed Out,Select your weekly off day.,
Request Timeout,Select {0}.,
Request URL,The selected POS Opening Entry should be open.,
Requested Numbers,Sell Asset.,
Require Trusted Certificate,Selling must be checked if Applicable For is selected as {0}.,
"Requires any valid fdn path. i.e. ou=groups,dc=example,dc=com",Send Email.,
"Requires any valid fdn path. i.e. ou=users,dc=example,dc=com",Send Email Alert.,
Res: {0},Send Email At.,
Reset,Send alert if this field's value changes.,
Reset All Customizations,Send an email reminder in the morning.,
Reset Changes,Send days before or after the reference date.,
Reset Chart,Send email when document transitions to the state.,
Reset Dashboard Customizations,Send login link.,
Reset Fields,Send me a copy.,
Reset LDAP Password,Send now.,
Reset Layout,Send only if there is any data.,
Reset OTP Secret,Send regular summary reports via Email.,
Reset Password,Send to Subcontractor.,
Reset Password Key,Send unsubscribe message in email.,
Reset Password Link Expiry Duration,Send with Attachment.,
Reset Password Template,Sender.,
Reset Permissions for {0}?,Sender Email.,
Reset To Default,Sender Name Field.,
Reset sorting,Sendgrid.,
Reset to default,Sending.,
Reset to defaults,Sending Failed due to missing email information for employee(s): {1}.,
Reset your password,Sending emails.,
Response,Sequence ID.,
Response Type,Serial / Batch No.,
Rest of the day,Serial No Ledger.,
Restore,Serial No Service Contract Expiry.,
Restore Original Permissions,Serial No and Batch.,
Restore to default settings?,Serial No and Batch Selector cannot be used when Use Serial / Batch Fields is enabled.,
Restored,Serial No and Batch for Finished Good.,
Restoring Deleted Document,Serial No is mandatory.,
Restrict IP,Serial No {0} already scanned.,
Restrict To Domain,Serial No {0} does not belong to Item {1}.,
Restrict to Domain,Serial No {0} does not exist.,
Restrict user from this IP address only. Multiple IP addresses can be added by separating with commas. Also accepts partial IP addresses like (111.111.111),Serial No {0} is already added.,
Restrictions,"""Serial No {0} is not present in the {1} {2}, hence you can't return it against the {1} {2}.""",Title of message showing restrictions in list view
Result,Serial No {0} is under maintenance contract up to {1}.,
Resume Sending,Serial Number Series.,
Retry,Serial and Batch Reservation.,
Retry Sending,Serial number {0} entered more than once.,
Return to the Verification screen and enter the code displayed by your authentication app,Server was too busy to process this request. Please try again.,
Reverse Icon Color,Service Item UOM,
Revert,Service Item {0} must be a non-stock item.,
Revert Of,Service Items,
Reverted,Service Level Agreement,
Reverting length to {0} for '{1}' in '{2}'. Setting the length as {3} will cause truncation of data.,Service Level Agreement Creation,
Review,Service Level Agreement Details,
Review Level,Service Level Agreement for {0} {1} already exists.,
Review Levels,Service Level Agreement has been changed to {0}.,
Review Points,Service Level Agreement was reset.,
Reviews,Service Provider,
Revocation URI,Service Start Date,
Revoke,Service Stop Date,
Revoked,Service Stop Date cannot be after Service End Date,
Rich Text,Services,
Right,Session Default,
Right Bottom,Session Default Settings,
Right Center,Session Defaults,
Robots.txt,Session Expiry must be in format {0},
Role,Set,
Role 'All' will be given to all system + website users.,"""Set """"From(Year)"""" and """"To(Year)"""" to 0 for no upper and lower limit.""",
Role 'Desk User' will be given to all system users.,Set Accepted Warehouse,
Role Name,Set Default Supplier,
Role Permission for Page and Report,Set Dynamic Filters,
Role Permissions,Set Filters,
Role Permissions Manager,Set Filters for {0},
Role Profile,Set Finished Good Quantity,
Role Profiles,Set From Warehouse,
Role Replication,Set Item Group-wise budgets on this Territory. You can also include seasonality by setting the Distribution.,
Role and Level,Set Leave Details,
Role has been set as per the user type {0},Set Level,
Roles,Set Limit,
Roles & Permissions,Set Loyalty Program,
Roles Assigned,Set Naming Series options on your transactions.,
Roles HTML,Set New Password,
Roles Html,Set New Release Date,
Roles can be set for users from their User page.,Set Number of Backups,
Root {0} cannot be deleted,Set Project Status,
Round Robin,Set Source Warehouse,
Rounding Method,Set as Lost,
Route,Set attendance details for the employees selected above,
Route History,Set by Item Tax Template,
Route Redirects,Set by user,
"Route: Example ""/app""",Set default {0} account for non-stock items,
Row,Set filters to fetch employees,
Row #,Set non-standard precision for a Float or Currency field,
Row # {0}: Non administrator user can not set the role {1} to the custom doctype,Set optional filters to fetch employees in the appraisee list,
Row #{0}:,Set the default account for the {0} {1},
Row #{}: Fieldname is required,Show Linked Delivery Notes,
Row Format,Show Related Errors,
Row Index,Show Remarks,
Row Indexes,Show Report,
Row Name,Show Return Entries,
Row Number,Show Saved,
Row Values Changed,Show Section Headings,
Row {0},Show Sidebar,
Row {0}: Not allowed to disable Mandatory for standard fields,Sidebar Settings,
Row {0}: Not allowed to enable Allow on Submit for standard fields,Sidebar and Comments,
Rows Added,Skip Material Transfer to WIP Warehouse,
Rows Removed,Skipped,
Rule,Skipping fixture syncing for doctype {0} from file {1},
Rule Conditions,Skype,
Rule Name,Slack,
"Rule for this doctype, role, permlevel and if-owner combination already exists.",Slack Channel,
Rules defining transition of state in the workflow.,Slack Webhook URL,
"Rules for how states are transitions, like next state and which role is allowed to change state etc.",Slideshow,
Rules with higher priority number will be applied first.,Slideshow Items,
Run Jobs only Daily if Inactive For (Days),Slideshow Name,
Run scheduled jobs only if checked,Slug,
Runtime in Minutes,Small Text,
Runtime in Seconds,Smallest Currency Fraction Value,
S3 Backup Settings,Smoothing Constant,
S3 Backup complete!,Snippet and more variables: {0},
S3 Bucket Details,Social,
SMS,"""Some mailboxes require a different Sent Folder Name e.g. """"INBOX.Sent""""""",
SMS Gateway URL,Something went wrong,
SMS Log,Something went wrong during the token generation. Click on {0} to generate a new one.,
SMS Parameter,Something went wrong.,
SMS Settings,Sorry!,
SMS sent successfully,I could not find what you were looking for.,
SMS was not sent. Please contact Administrator.,Sorry! You are not permitted to view this page.,
SMTP Server is required,"""Sorry, this coupon code is no longer valid.""",
SQL,Sort Ascending,
"SQL Conditions. Example: status=""Open""",Sort Descending,
SQL Explain,Sort Field,
SQL Output,Sort Options,
SQL Queries,Sort Order,
SSL/TLS Mode,Sort field {0} must be a valid field name.,
SWATCHES,Source Exchange Rate,
Sales Manager,Standard roles cannot be disabled.,
Sales Master Manager,Standard roles cannot be renamed.,
Sales User,Stats based on last week's performance (from {0} to {1}).,
Salesforce,Status Updated,
Salutation,Status Updated. The email will be picked up in the next scheduled run.,
Same Field is entered more than once,Status set to rejected as there are one or more rejected readings.,
Sample,Steps to verify your login.,
Saturday,Stock Available,
Save,Stock Balance,
Save API Secret: {0},Stock Balance Report,
Save Anyway,Stock Capacity,
Save As,Stock Closing,
Save Customizations,Stock Closing Balance,
Save Report,Stock Closing Entry,
Save filters,Stock Closing Entry {0} has been queued for processing; the system will take some time to complete it.,
Save on Completion,Stock Reservation,
Save the document.,Stock Reservation Entries Cancelled,
Saved,Stock Reservation Entries Created,
Saved Filters,Stock Reservation Entry,
Saving,Stock Reservation Entry cannot be updated as it has been delivered.,
Saving Customization...,"""Stock Reservation Entry created against a Pick List cannot be updated. If you need to make changes, we recommend cancelling the existing entry and creating a new one.""",
Saving this will export this document as well as the steps linked here as json.,Stock Reservation Warehouse Mismatch,
Saving...,Stock Reservation can only be created against {0}.,
Scan,Stock Reserved Qty,
Scan QRCode,Stock UOM,
Scan the QR Code and enter the resulting code displayed.,Stock User,
Schedule,Stock and Account Value Comparison,
Schedule Newsletter,Stock cannot be reserved in group warehouse {0}.,
Schedule Send At,Stock cannot be reserved in the group warehouse {0}.,
Schedule sending,Stock cannot be updated against Purchase Receipt {0},
Schedule sending at a later time,Stock cannot be updated against the following Delivery Notes: {0},
Scheduled,Stock cannot be updated because the invoice contains a drop shipping item. Please disable 'Update Stock' or remove the drop shipping item.,
Scheduled Against,Stock has been unreserved for work order {0}.,
Scheduled Job,Stock quantity not enough for Item Code: {0} under warehouse {1}. Available quantity {2} {3}.,
Scheduled Job Log,Stock transactions before {0} are frozen,
Scheduled Job Type,Stock transactions that are older than the mentioned days cannot be modified.,
Scheduled Sending,Stock/Accounts cannot be frozen as processing of backdated entries is ongoing. Please try again later.,
Scheduled To Send,Stop users from making Leave Applications on the following days.,
Scheduled execution for script {0} has updated,Stopped,
Scheduled to send,Stopped Work Order cannot be cancelled. Unstop it first to cancel.,
Scheduler,Storage Usage (MB),
Scheduler Event,Storage Usage By Table,
Scheduler Inactive,Store Attached PDF Document,
Scheduler Status,Stores,
Scheduler can not be re-enabled when maintenance mode is active.,Stores the JSON of last known versions of various installed apps. It is used to show release notes.,
Scheduler is inactive. Cannot import data.,Strictly based on Log Type in Employee Check-in,
Scheduler: Active,Strong,
Scheduler: Inactive,Structures have been assigned successfully,
Scope,Stylesheet,
Scopes,Sub Assemblies,
Script,Subcontracted Quantity,
Script Manager,Subcontracted Raw Materials To Be Transferred,
Script Report,Subcontracting,
Script Type,Subcontracting BOM,
Script to attach to all web pages.,Subcontracting Conversion Factor,
Scripting,Subcontracting Order,
Scripting / Style,Subcontracting Order (Draft) will be auto-created on submission of Purchase Order.,
Scripts,Subcontracting Order Item,
Search,Subcontracting Order Service Item,
Search Bar,Subcontracting Order {0} created.,
Search Fields,Subcontracting Purchase Order,
Search Help,Subcontracting Receipt,
Search Priorities,Subcontracting Receipt Item,
Search Results,Subcontracting Receipt Supplied Item,
Search by filename or extension,Subject,
Search field {0} is not valid,Submission Date,
Search fields,Submission Failed,
Search fieldtypes...,Submission Queue,
Search for anything,Submit,
Search for countries...,Submit Action Failed,
Search for icons...,Submit After Import,
Search for {0},Submit ERR Journals?,
Search in a document type,Submit Feedback,
Search or type a command ({0}),Submit Generated Invoices,
Search properties...,Submit Journal Entries,
Search results for,Submit Now,
Search the docs (Press / to focus),Submit Proof,
Search...,Submit Salary Slip,
Searching ...,Submit an Issue,
Section,Submit this Leave Application to confirm.,
Section Break,Submit this Work Order for further processing.,
Section Heading,Submit this document to confirm,
Section ID,Submit this to create the Employee record,
Section Title,Submit {0} documents?,
Section must have at least one column,Submitted,
Security Settings,Submitting,
See all Activity,Submitting Salary Slips...,
See all past reports.,Subscription,
See on Website,Subscription End Date,
See previous responses,Subscription End Date is mandatory to follow calendar months,Button in web form
See the document at {0},Subscription End Date must be after {0} as per the subscription plan,
Seen,Subscription Plans,
Seen By,Subscription Price Based On,
Seen By Table,Subscription Section,
Select,Subscription Start Date,
Select All,Subscriptions,
Select Attachments,Subtitle,
Select Child Table,Success URI,
Select Column,Success URL,
Select Columns,Success message,
Select Country,Successful,
Select Currency,Successful Job Count,
Select Dashboard,Successful: {0} to {1},
Select Date Range,Successfully Done,
Select DocType,Successfully imported {0},
Select Doctype,Successfully imported {0} out of {1} records.,
Select Document Type,"""Successfully imported {0} record out of {1}. Click on Export Errored Rows, fix the errors and import again.""",
Select Document Type or Role to start.,Successfully imported {0} record.,
Select Document Types to set which User Permissions are used to limit access.,"""Successfully imported {0} records out of {1}. Click on Export Errored Rows, fix the errors and import again.""",
Select Field,Successfully linked to Customer,
Select Field...,Successfully linked to Supplier,
Select Fields,Successfully merged {0} out of {1}.,
Select Fields To Insert,Successfully reset onboarding status for all users.,
Select Fields To Update,Successfully updated translations,
Select Filters,Successfully updated {0},
Select From Date,"""Successfully updated {0} record out of {1}. Click on Export Errored Rows, fix the errors and import again.""",
Select Google Calendar to which event should be synced.,Successfully updated {0} record.,
Select Google Contacts to which contact should be synced.,"""Successfully updated {0} records out of {1}. Click on Export Errored Rows, fix the errors and import again.""",
Select Group By...,Successfully updated {0} records.,
Select Kanban,Sum of {0},
Select Language,Summarized View,
Select List View,Summary,
Select Mandatory,Summary for this week and pending activities,
Select Module,Sunday,
Select Network Printer,Supplied Item,
Select Page,Supplied Items,
Select Print Format,Supplier Address Details,
Select Print Format to Edit,Supplier Contact,
Select Report,Supplier Group,
Select Table Columns for {0},Supplier Invoice Date cannot be greater than Posting Date,
Select Time Zone,Supplier Items,
Select Transaction,Supplier Lead Time (days),
Select Workflow,Supplier Portal Users,
Select Workspace,Supplier Primary Address,
Select Workspaces,Supplier Primary Contact,
Select a Brand Image first.,Supplier Quotation,
Select a DocType to make a new format,Supplier Scorecard,
Select a field to edit its properties.,Supplier Scorecard Scoring Standing,
Select a group node first.,Supplier Scorecard Scoring Variable,
Select a valid Sender Field for creating documents from Email,Supplier Scorecard Setup,
Select a valid Subject field for creating documents from Email,Supplier Scorecard Standing,
Select an Image,Supplier Scorecard Variable,
Select an app to continue,Supplier delivers to Customer,
Select an existing format to edit or start a new format.,Supplier {0} not found in {1},
Select an image of approx width 150px with a transparent background for best results.,Supplier(s),
Select atleast 1 record for printing,Supply Raw Materials for Purchase,
Select atleast 2 actions,Support,
Select list item,Support Team,Description of a list view shortcut
Select multiple list items,Support Tickets,Description of a list view shortcut
Select or drag across time slots to create a new event.,Suspend Sending,
Select records for assignment,Suspended,
Select records for removing assignment,Switch Between Payment Modes,
Select the label after which you want to insert new field.,Sync with Google Contacts,
Select two versions to view the diff.,Synchronize all accounts every hour,
Select {0},System Console,
Self approval is not allowed,System Notification,
Send,TDS Deducted,
Send <b>at the earliest</b> this number of minutes before or after the reference datetime. The actual sending may be delayed by up to 5 minutes due to the scheduler's trigger cadence.,TDS Payable,
Send After,TDS Rate %,
Send Alert On,Target Location or To Employee is required while receiving Asset {0},
Send Email Alert,Target Serial No,
Send Email At,Target Warehouse,
Send Email On State,Target Warehouse Address,
Send Email Print Attachments as PDF (Recommended),Target Warehouse Address Link,
Send Email To Creator,Target Warehouse Reservation Error,
Send Email for Successful Backup,Target Warehouse is required before Submit,
Send Email for Successful backup,Target Warehouse is set for some items but the customer is not an internal customer.,
Send Me A Copy of Outgoing Emails,Task Name,
Send Notification To,Task Progress,
Send Notification to,Task Type,
Send Notifications For Documents Followed By Me,Task Weight,
Send Notifications For Email Threads,Task {0} depends on Task {1}. Please add Task {1} to the Tasks list.,
Send Notifications To,Tax Exemption Proofs,
Send Now,Tax ID,
Send Print as PDF,Tax Id,
Send Read Receipt,Tax Id:,
Send System Notification,Tax Rate,
Send Test Email,Tax Rates,
Send To All Assignees,Tax Rule,
Send Unsubscribe Link,Tax Settings,
Send Web View Link,Tax Template is mandatory.,
Send Welcome Email,Tax Total,
Send a test email,Tax Type,
Send again,Tax Withheld Vouchers,
Send alert if date matches this field's value,Tax Withholding,
Send alert if datetime matches this field's value,Tax Withholding Account,
Send alert if this field's value changes,Tax Withholding Category,
Send an email reminder in the morning,Tax Withholding Category {} against Company {} for Customer {} should have Cumulative Threshold value.,
Send days before or after the reference date,Tax Withholding Details,
Send email when document transitions to the state.,Tax Withholding Net Total,
Send enquiries to this email address,Tax Withholding Rate,
Send login link,Tax Withholding Rates,
Send me a copy,"Tax detail table fetched from item master as a string and stored in this field.
Used for Taxes and Charges",
Send now,Tax on additional salary,
Send only if there is any data,Tax on flexible benefit,
Send unsubscribe message in email,Taxable Earnings Till Date,
Sender,Taxable Salary Slabs,
Sender Email,Taxes,
Sender Email Field,Taxes & Charges,
Sender Field should have Email in options,Taxes and Charges,
Sender Name,Taxes and Charges Added,
Sender Name Field,Taxes and Charges Added (Company Currency),
Sendgrid,Taxes and Charges Calculation,
Sending,Taxes and Charges Deducted,
Sending emails,Taxes and Charges on Income Tax,
Sending...,Taxes row #{0}: {1} cannot be smaller than {2},
Sent,Taxi,
Sent Folder Name,Team,
Sent On,Team Member,
Sent Read Receipt,Team Members,
Sent To,Team Members Subtitle,
Sent or Received,Team Updates,
Sent/Received Email,Telemetry,
Separator,Template,
Sequence Id,Template File,
Series List for this Transaction,The Campaign '{0}' already exists for the {1} '{2}',
Series Updated for {},"""The Client ID obtained from the Google Cloud Console under <a href=""""https://console.cloud.google.com/apis/credentials"""">
""""APIs &amp; Services"""" &gt; """"Credentials""""
</a>""",
Series counter for {} updated to {} successfully,The Condition '{0}' is invalid,
Series {0} already used in {1},The GL Entries and closing balances will be processed in the background it can take a few minutes.,
Server Action,The GL Entries will be cancelled in the background it can take a few minutes.,
Server Error,The Loyalty Program isn't valid for the selected company,
Server IP,The Next Scheduled Date cannot be later than the End Date.,
Server Script,The Payment Request {0} is already paid cannot process payment twice,
Server Scripts are disabled. Please enable server scripts from bench configuration.,The Payment Term at row {0} is possibly a duplicate.,
Server Scripts feature is not available on this site.,The Pick List having Stock Reservation Entries cannot be updated. If you need to make changes we recommend cancelling the existing Stock Reservation Entries before updating the Pick List.,
Server was too busy to process this request. Please try again.,The Process Loss Qty has reset as per job cards Process Loss Qty,
Service,The Push Relay Server URL key (`push_relay_server_url`) is missing in your site config,
Session Default,The field Equity/Liability Account cannot be blank.,
Session Default Settings,The field From Shareholder cannot be blank.,
Session Defaults,The field To Shareholder cannot be blank.,
Session Defaults Saved,The field {0} in row {1} is not set.,
Session Expired,The field {0} is mandatory.,
Session Expiry (idle timeout),The field name you've specified in Attached To Field is invalid.,
Session Expiry must be in format {0},The fields From Shareholder and To Shareholder cannot be blank.,
Set,The first Approver in the list will be set as the default Approver.,
Set Banner from Image,The following batches are expired; please restock them: <br> {0}.,
Set Chart,The following employees are currently still reporting to {0}:,
"Set Default Options for all charts on this Dashboard (Ex: ""colors"": [""#d1d8dd"", ""#ff5858""])",The following invalid Pricing Rules are deleted:,
Set Dynamic Filters,The following values do not exist for {0}: {1}.,
Set Filters,The following {0} were created: {1}.,
Set Filters for {0},The fraction of Daily Salary per Leave should be between 0 and 1.,
Set Level,The items {items} are not marked as {type_of} item. You can enable them as {type_of} item from their Item masters.,
Set Limit,The job card {0} is in {1} state and you cannot complete.,
Set Naming Series options on your transactions.,The limit has not been set for the user type {0} in the site config file.,
Set New Password,The link will expire in {0} minutes.,
Set Number of Backups,The lowest tier must have a minimum spent amount of 0. Customers need to be part of a tier as soon as they are enrolled in the program.,
Set Password,The metrics for this report are calculated based on {0}. Please set {0} in {1}.,
Set Permissions,The name that will appear in Google Calendar.,
Set Properties,The number of shares and the share numbers are inconsistent.,
Set Property After Alert,The operation {0} cannot add multiple times.,
Set Quantity,The operation {0} cannot be the sub-operation.,
Set Role For,The payment gateway account in plan {0} is different from the payment gateway account in this payment request.,
Set User Permissions,"""The percentage you are allowed to transfer more against the quantity ordered. For example, if you have ordered 100 units, and your Allowance is 10%, then you are allowed to transfer 110 units.""",
Set Value,"""The project number obtained from Google Cloud Console under <a href=""""https://console.cloud.google.com/iam-admin/settings"""">
""""IAM &amp; Admin"""" &gt; """"Settings""""
</a>.""",
Set all private,Are you sure you want to proceed?,
Set all public,The reserved stock will be released. Are you sure you want to proceed?,
Set as Default,The resource you are looking for is not available.,
Set as Default Theme,The role {0} should be a custom role.,
Set by user,The selected document {0} is not a {1}.,
Set dynamic filter values in JavaScript for the required fields here.,The serial and batch bundle {0} not linked to {1} {2}.,
Set non-standard precision for a Float or Currency field,The shares already exist.,
Set only once,The shares don't exist with the {0}.,
Set size in MB,The system provides many pre-defined roles. You can add new roles to set finer permissions.,
"Set the filters here. For example:
<pre class=""small text-muted""><code>
[{
	fieldname: ""company"",
	label: __(""Company""),
	fieldtype: ""Link"",
	options: ""Company"",
	default: frappe.defaults.get_user_default(""Company""),
	reqd: 1
},
{
	fieldname: ""account"",
	label: __(""Account""),
	fieldtype: ""Link"",
	options: ""Account"",
	reqd: 1
}]
</code></pre>",The time after the shift start time when check-in is considered late (in minutes).,
Setting,The {0} ({1}) must be equal to {2} ({3}).,
Setting this Address Template as default as there is no other default,Theme Configuration.,
Setting up Global Search documents.,Theme URL.,
Setting up your system,Theory.,
Settings,There are documents which have workflow states that do not exist in this Workflow. It is recommended that you add these states to the Workflow and change their states before removing these states.,
Settings Dropdown,"""There are inconsistencies between the rate, number of shares, and the amount calculated.""",
Settings for Contact Us Page,There are more holidays than working days this month.,
Settings for the About Us Page,There are no active Fiscal Years for which Demo Data can be generated.,
Settings to control blog categories and interactions like comments and likes,There are no slots available on this date.,
Setup,There are only {0} assets created or linked to {1}. Please create or link {2} assets with the respective document.,
Setup > Customize Form,"""There are two options to maintain the valuation of stock: FIFO (first in - first out) and Moving Average. To understand this topic in detail, please visit <a href='https://docs.erpnext.com/docs/v13/user/manual/en/stock/articles/item-valuation-fifo-and-moving-average' target='_blank'>Item Valuation, FIFO and Moving Average.</a>""",
Setup > User,There are {0} with the same filters already in the queue:,
Setup > User Permissions,There aren't any item variants for the selected item,
Setup Auto Email,There can be multiple tiered collection factors based on the total spent. But the conversion factor for redemption will always be the same for all the tiers.,
Setup Complete,There can be only 9 Page Break fields in a Web Form,
Setup Series for transactions,There can be only one Fold in a form,
Setup Wizard,There can only be 1 Account per Company in {0} {1},
Setup failed,"""There can only be one Shipping Rule Condition with 0 or blank value for """"To Value""""""",
Share,There is already an active Subcontracting BOM {0} for the Finished Good {1}.,
Share With,There is nothing new to show you right now.,
Share this document with,There is some problem with the file URL: {0},
Share {0} with,There is {0} with the same filters already in the queue:,
Shared,There must be at least 1 Finished Good in this Stock Entry,
Shared with the following Users with Read access:{0},There must be at least one permission rule.,
Shipping,"""This check-in is outside assigned shift hours and will not be considered for attendance. If a shift is assigned, adjust its time window and Fetch Shift again.""",
Shipping Address,This covers all scorecards tied to this Setup,
Shop,This file is attached to a protected document and cannot be deleted.,
Short Name,This filter will be applied to Journal Entry.,
Short keyboard patterns are easy to guess,This format is used if a country-specific format is not found.,
Shortcuts,This goes above the slideshow.,
Show,This is a Template BOM and will be used to make the work order for {0} of the item {1}.,
"Show ""Call to Action"" in Blog",This is a background report. Please set the appropriate filters and then generate a new one.,
Show Absolute Values,This is a location where the final product is stored.,
Show All,This is a location where raw materials are available.,
Show Calendar,This is a root account and cannot be edited.,
Show Currency Symbol on Right Side,This is a root salesperson and cannot be edited.,
Show Dashboard,This is a root supplier group and cannot be edited.,
Show Document,This is a top-100 common password.,
Show Error,This is a virtual doctype and data is cleared periodically.,
Show Fieldname (click to copy on clipboard),This is an example Google SERP Preview.,
Show First Document Tour,This is based on stock movement. See {0} for details.,
Show Form Tour,This is based on the Time Sheets created against this project.,
Show Full Error and Allow Reporting of Issues to the Developer,This is based on the attendance of this Employee.,
Show Full Form?,This is based on transactions against this Salesperson. See the timeline below for details.,
Show Keyboard Shortcuts,This item filter has already been applied for the {0}.,
Show Labels,This link has already been activated for verification.,
Show Language Picker,This link is invalid or expired. Please make sure you have pasted it correctly.,
Show Line Breaks after Sections,This newsletter was scheduled to send on a later date. Are you sure you want to send it now?,
Show Links,This report contains {0} rows and is too big to display in the browser; you can {1} this report instead.,
Show More Activity,This report was generated on {0}.,
Show Only Failed Logs,This request has not yet been approved by the user.,
Show Percentage Stats,This schedule was created when Asset {0} was scrapped.,
Show Permissions,This schedule was created when Asset {0} was sold through Sales Invoice {1}.,
Show Preview,This schedule was created when Asset {0} was updated after being split into new Asset {1}.,
Show Preview Popup,This schedule was created when Asset {0}'s Asset Repair {1} was cancelled.,
Show Processlist,This schedule was created when Asset {0}'s Asset Value Adjustment {1} was cancelled.,
Show Related Errors,This schedule was created when Asset {0}'s shifts were adjusted through Asset Shift Allocation {1}.,
Show Report,"""This section allows the user to set the Body and Closing text of the Dunning Letter for the Dunning Type based on language, which can be used in Print.""",
Show Saved,"""This table is used to set details about the 'Item', 'Qty', 'Basic Rate', etc.""",
Show Section Headings,This title will be used as the title of the webpage as well as in meta tags.,
Show Sidebar,This tool helps you to update or fix the quantity and valuation of stock in the system. It is typically used to synchronise the system values and what actually exists in your warehouses.,
Show Tags,This value shall be used when no matching Common Code for a record is found.,
Show Title,This will log out {0} from all other devices.,
Show Title in Link Fields,This will overwrite the tax component {0} in the salary slip and tax won't be calculated based on the Income Tax Slabs.,
Show Totals,This will permanently remove your data.,
Show Tour,This will reset this tour and show it to all users. Are you sure?,
Show Traceback,This will submit Salary Slips and create accrual Journal Entry. Do you want to proceed?,
Show Warnings,Threshold for Suggestion (In Percentage),
Show Weekends,Throttled,
Show account deletion link in My Account page,Thumbnail,
Show all Versions,Thumbnail URL,
Show all activity,Thursday,
Show all blogs,Tier Name,
Show as cc,Time,
Show attachments,Time (In Mins),
Show footer on login,Time Format,
Show full form instead of a quick entry modal,Time In Mins,
Show in Module Section,Time Interval,
Show in filter,Time Required (In Mins),
Show link to document,Time Series,
Show list,Time Series Based On,
Show more details,Time Sheet,
Show on Timeline,Time Sheets,
Show percentage difference according to this time interval,Time Window (Seconds),
Show sidebar,Time Zone,
"Show title in browser window as ""Prefix - title""",Time Zones,
Show {0} List,Time in mins,
Showing only Numeric fields from Report,Time in seconds to retain QR code image on server. Min:<strong>240</strong>,
Showing only first {0} rows out of {1},Time logs are required for {0} {1},
Sidebar,Time slot is not available,
Sidebar Items,Time taken to fill the open positions,
Sidebar Settings,Time to Fill,
Sidebar and Comments,Time {0} must be in format: {1},
Sign Up and Confirmation,Time(in mins),
Sign Up is disabled,Timed Out,
Sign up,Timeless Night,
Sign ups,Timeline,
Signature,Timeline Field,
Signup Disabled,Timeout (In Seconds),
Signups have been disabled for this website.,Timer,
"Simple Python Expression, Example: Status in (""Closed"", ""Cancelled"")",Timer exceeded the given hours.,
"Simple Python Expression, Example: Status in (""Invalid"")",Timeseries,
"Simple Python Expression, Example: status == 'Open' and type == 'Bug'",Timesheet Billing Summary,
Simultaneous Sessions,Timesheet {0} is already completed or cancelled,
Single DocTypes cannot be customized.,Timespan,
Single Types have only one record no tables associated. Values are stored in tabSingles,Title,
"Site is running in read only mode for maintenance or site update, this action can not be performed right now. Please try again later.",Title Prefix,
Size,Title field must be a valid fieldname,
Size (MB),Title of the page,
Skip,To Date,
Skip Authorization,To Date Field,
Skip Step,To Date should be within the Fiscal Year. Assuming To Date = {0},
Skipped,To Datetime,
Skipping Duplicate Column {0},To Deliver,
Skipping Untitled Column,To Do,
Skipping column {0},To Doctype,
Skipping fixture syncing for doctype {0} from file {1},To Due Date,
"Skipping {0} of {1}, {2}",To Employee,
Skype,To Fiscal Year,
Slack,To Invoice Date,
Slack Channel,To No,
Slack Webhook Error,To Package No.,
Slack Webhook URL,To Pay,
Slideshow,To Payment Date,
Slideshow Items,To Posting Date,
Slideshow Name,To Produce,
Slideshow like display for the website,To Range,
Slug,To Receive,
Small Text,To Reference Date,
Smallest Currency Fraction Value,To Rename,
Smallest circulating fraction unit (coin). For e.g. 1 cent for USD and it should be entered as 0.01,To Shareholder,
Snippet and more variables:  {0},To Time cannot be before from date,
Social,To Track inbound purchase,
Social Link Settings,To User,
Social Link Type,To Value,
Social Login Key,To Warehouse,
Social Login Provider,To Warehouse (Optional),
Social Logins,To add Operations tick the 'With Operations' checkbox.,
SocketIO Ping Check,"""To add dynamic subject, use jinja tags like\
|<div><pre><code>New {{ doc.doctype }} #{{ doc.name }}</code></pre></div>""",
SocketIO Transport Mode,"""To add dynamic subject, use jinja tags like\
|<div><pre><code>{{ doc.name }} Delivered</code></pre></div>""",
Soft-Bounced,"""To add dynamic values from the document, use jinja tags like\
|<div>
<pre><code>{ """"id"""": """"{{ doc.name }}"""" }</code>
</pre>
</div>""",
Some columns might get cut off when printing to PDF. Try to keep number of columns under 10.,"""To allow over receipt / delivery, update """"Over Receipt/Delivery Allowance"""" in Stock Settings or the Item.""",
"Some mailboxes require a different Sent Folder Name e.g. ""INBOX.Sent""",To and CC,
Some of the features might not work in your browser. Please update your browser to the latest version.,To apply condition on parent field use parent.field_name and to apply condition on child table use doc.field_name. Here field_name could be based on the actual column name of the respective field.,
Something went wrong,To apply for a Half Day check 'Half Day' and select the Half Day Date,
Something went wrong during the token generation. Click on {0} to generate a new one.,To be Delivered to Customer,
Something went wrong.,To cancel a {} you need to cancel the POS Closing Entry {}.,
Sorry! I could not find what you were looking for.,"""To configure Auto Repeat, enable """"Allow Auto Repeat"""" from {0}.""",
Sorry! You are not permitted to view this page.,To create a Payment Request reference document is required,
Sort Ascending,To date can not greater than employee's relieving date,
Sort Descending,To date cannot be before from date,
Sort Field,To enable Capital Work in Progress Accounting,
Sort Options,To enable it follow the instructions in the following link: {0},
Sort Order,"""To enable server scripts, read the {0}.""",
Sort field {0} must be a valid fieldname,"""To export this step as JSON, link it in a Onboarding document and save the document.""",
Source,"""To get the updated report, click on {0}.""",
Source Name,"""To overwrite the salary component amount for a tax component, please enable {0}""",
Source Text,To print output use <code>print(text)</code>,
Spacer,Today {0} at our Company! 🎉,
Spam,Today {0} completed {1} year(s) at our Company! 🎉,
SparkPost,Toggle Chart,
Special Characters are not allowed,Toggle Full Width,
"Special Characters except '-', '#', '.', '/', '{{' and '}}' not allowed in naming series {0}",Toggle Grid View,
"Specify a custom timeout, default timeout is 1500 seconds",Toggle Sidebar,
"Specify the domains or origins that are permitted to embed this form. Enter one domain per line (e.g., https://example.com). If no domains are specified, the form can only be embedded on the same origin.",Token,
Splash Image,Token Cache,
Sr,Top,
Sr No.,Top 10,
Stack Trace,Top Bar Item,
Standard,Topic,
Standard DocType can not be deleted.,Total (Credit),
"Standard DocType cannot have default print format, use Customize Form",Total (Without Tax),
Standard Not Set,Total Absent,
Standard Permissions,Total Achieved,
Standard Print Format cannot be updated,Total Actual,
Standard Print Style cannot be changed. Please duplicate to edit.,Total Actual Amount,
Standard Reports cannot be deleted,Total Advance,
Standard Reports cannot be edited,Total Advance Amount,
Standard Sidebar Menu,Total Allocated Leave(s),
"Standard Web Forms can not be modified, duplicate the Web Form instead.",Total Amount Currency,
Standard rich text editor with controls,Total Amount in Words,
Standard roles cannot be disabled,Total Applicable Charges in Purchase Receipt Items table must be the same as Total Taxes and Charges,
Standard roles cannot be renamed,Total Asset,
Standard user type {0} can not be deleted.,Total Assets,
Standings,Total Billable Amount,
Start,Total Billable Amount (via Timesheet),
Start Date,Total Billed Amount,
Start Date Field,Total Billed Amount (via Sales Invoice),
Start Import,Total Budget,
Start Recording,Total Commission,
Start Time,Total Consumed Material Cost (via Stock Entry),
Start a new discussion,Total Costing Amount,
Start entering data below this line,Total Deduction (Company Currency),
Start new Format,Total Delivered Amount,
StartTLS,Total Early Exits,
Started,Total Earning,
Started At,Total Earnings,
Starting Frappe ...,Total Estimated Budget,
Starts on,Total Exemption Amount,
State,Total Expense,
State Properties,Total Expense Amount,
State/Province,Total Expense Claim (via Expense Claim),
States,Total Expense Claim (via Expense Claims),
Static Parameters,Total Expense This Year,
Statistics,Total Forecast (Future Data),
Stats,Total Forecast (Past Data),
Stats Time Interval,Total Gain/Loss,
Stats based on last month's performance (from {0} to {1}),Total Goal Score,
Stats based on last week's performance (from {0} to {1}),Total Gross Pay,
Status,Total Hold Time,
Status Updated,Total Images,
Status Updated. The email will be picked up in the next scheduled run.,Total Income,
Status: {0},Total Interest Amount,
Step,Total Issues,
Steps,Total Items,
Steps to verify your login,Total Late Entries,
Sticky,Total Leave Days,
Stop,Total salary booked for this employee from the beginning of the month up to the current salary slip's end date.,
Stopped,Track Steps,
Storage Usage (MB),Track if your email has been opened by the recipient.,
Storage Usage By Table,Track milestones for any document,
Store Attached PDF Document,Track separate Income and Expense for product verticals or divisions.,
Stores the JSON of last known versions of various installed apps. It is used to show release notes.,Tracking Status Info,
Stores the datetime when the last reset password key was generated.,Tracking URL,
Straight rows of keys are easy to guess,Train,
Strip EXIF tags from uploaded images,Trainer Name,
Strong,Training,
Style,Training Event,
Style Settings,Training Event Employee,
"Style represents the button color: Success - Green, Danger - Red, Inverse - Black, Primary - Dark Blue, Info - Light Blue, Warning - Orange",Training Event:,
Stylesheet,Training Events,
"Sub-currency. For e.g. ""Cent""",Transaction Error,
Sub-domain provided by erpnext.com,Transaction Exchange Rate,
Subdomain,Transferred,
Subject,Transferred Qty,
Subject Field,Transferred Qty {0} cannot be greater than Reserved Qty {1} for item {2},
"Subject Field type should be Data, Text, Long Text, Small Text, Text Editor",Transferred Quantity,
Submission Queue,Transgender,
Submit,Transit Entry,
Submit After Import,Transition Rules,
Submit an Issue,Translation,
Submit another response,Translations,Button in web form
Submit button label,Transport Receipt Date,
Submit on Creation,Transport Receipt No,
Submit this document to complete this step.,Transporter Info,
Submit this document to confirm,Transporter Name,
Submit {0} documents?,Travel,Title of confirmation dialog
Submitted,Travel Advance Required,
Submitted Document cannot be converted back to draft. Transition row {0},Travel Expenses,
Submitted document cannot be converted back to draft while transitioning from <b>{0} State</b> to <b>{1} State</b>,Travel From,
Submitting,Travel Funding,Freeze message while submitting a document
Submitting {0},Travel Request Costing,
Subsidiary,Trialing,
Subtitle,Trigger Primary Action,
Success,Trim Table,
Success Action,Truncates 'Remarks' column to set character length,
Success Message,Try Again,
Success URI,Try to avoid repeated words and characters,
Success URL,Try to use a longer keyboard pattern with more turns,
Success message,Tuesday,
Success title,Twice Daily,
Success! You are good to go 👍,Two Factor Authentication,
Successful Job Count,Two-way,
Successful Transactions,Type,
Successful: {0} to {1},Type Distribution,
Successfully Done,Type Of Call,
Successfully Updated,Type of Proof,
Successfully imported {0},Type something in the search box to search,
Successfully imported {0} out of {1} records.,Type title,
Successfully reset onboarding status for all users.,UI Tour,
Successfully updated translations,UID,
Successfully updated {0},UIDNEXT,
Successfully updated {0} out of {1} records.,UIDVALIDITY,
Suggest Optimizations,UOM Conversion factor ({0} -> {1}) not found for item: {2},
Suggested Indexes,UOM Conversion factor is required in row {0},
Suggested Username: {0},UOM Name,
Sum,UOM {0} not found in Item {1},
Sum of {0},UPC-A,
Summary,URL,
Sunday,URL must start with http:// or https://,
Suspend Sending,Unlinked logs,
Switch Camera,Unmarked Attendance for days,
Switch Theme,Unmarked Check-in Logs Found,
Switch To Desk,Unmarked Days,
Switch to Frappe CRM for smarter sales,Unmarked days,
Switching Camera,Unpaid,
Symbol,Unpaid Expense Claim,
Sync,Unpaid and Discounted,
Sync Calendar,Unplanned machine maintenance,
Sync Contacts,Unpublish,
Sync events from Google as public,Unread Notification Sent,
Sync on Migrate,Unrealised Exchange Gain/Loss Account,
"Sync token was invalid and has been reset, Retry syncing.",Unrealised Profit / Loss Account,
Sync with Google Calendar,Unrealised Profit / Loss account for intra-company transfers,
Sync with Google Contacts,Unrealised Profit/Loss account for intra-company transfers,
Sync {0} Fields,Unreconcile Payment Entries,
Synced Fields,Unreconcile Transaction,
Syncing,Unreconciled Amount,
Syncing {0} of {1},Unreconciled Entries,
Syntax Error,Unreserve,
System,Unresolved,
System Console,Unsafe SQL query,
System Generated Fields can not be renamed,Unscheduled,
System Health,Unsecured Loans,
System Health Report,Unselect All,
System Health Report Errors,Unset Matched Payment Request,
System Health Report Failing Jobs,Unsettled,
System Health Report Queue,Unsettled Transactions,
System Health Report Tables,Unshared,
System Health Report Workers,Unsigned,
System Manager,Unsubscribe,
System Manager privileges required.,Unsubscribe Method,
System Notification,Unsubscribe Params,
System Notifications,Unsubscribe from this Email Digest,
System Page,Unsubscribed,
System Settings,Until,
System managers are allowed by default,Untracked Hours,
T,Unzip,Number system
Tab Break,Upcoming Shifts,
Tab Label,Update,
Table,Update Account Name / Number,
Table Break,Update Account Number / Name,
Table Field,Update Amendment Naming,
Table Fieldname,Update Auto Repeat Reference,
Table Fieldname Missing,Update BOM Cost Automatically,
Table HTML,Update BOM cost automatically via scheduler based on the latest Valuation Rate/Price List Rate/Last Purchase Rate of raw materials,
Table MultiSelect,Update Billed Amount in Delivery Note,
Table Trimmed,Update Billed Amount in Purchase Order,
Table updated,Update Billed Amount in Sales Order,
Table {0} cannot be empty,Update Clearance Date,
Tabloid,Update Consumed Material Cost In Project,
Tag,Update Cost,
Tag Link,Update Cost Centre Name / Number,
Tags,Update Current Stock,
Take Backup,Update Existing Price List Rate,
Take Backup Now,Update Existing Records,
Take Photo,Update Hooks Resolution Order,
Target,Update Items,
Task,Updating counter may lead to document name conflicts if not done properly,
Team Members,User has not applied rule on the invoice {0},
Team Members Heading,User is mandatory for Share,
Team Members Subtitle,User must always select,
Telemetry,User with email address {0} does not exist,
Template,User {0} cannot be renamed,
Template Error,User {0} does not exist,
Template File,User {0} does not have access to this document,
Template Options,User {0} has requested for data deletion,
Template Warnings,User {0} is disabled,
Templates,User {0} is disabled. Please contact your System Manager.,
Temporarily Disabled,User {0} is not permitted to access this document.,
Test Data,Utilisation,
Test Job ID,Utilisation %,
Test Spanish,VAT Accounts,
Test email sent to {0},VAT Amount (AUD),
Test_Folder,VAT Audit Report,
Text,VAT on Expenses and All Other Inputs,
Text Align,VAT on Sales and All Other Outputs,
Text Color,Vacancies,
Text Content,Vacancies cannot be lower than the current openings,
Text Editor,Vacancies fulfilled,
Thank you,Valid,
Thank you for spending your valuable time to fill this form,Valid From date not in Fiscal Year {0},
Thank you for your email,Valid From must be after {0} as last GL Entry against the cost centre {1} posted on this date,
Thank you for your feedback!,Valid Login id required.,
Thank you for your interest in subscribing to our updates,Valid Till,
Thank you for your message,Valid Up To,
Thanks,Valid Up To date cannot be before Valid From date,
The Auto Repeat for this document has been disabled.,Valid for Countries,
The CSV format is case sensitive,Valid till date cannot be before transaction date,
"The Client ID obtained from the Google Cloud Console under <a href=""https://console.cloud.google.com/apis/credentials"">
""APIs &amp; Services"" &gt; ""Credentials""
</a>",Validate Attendance,
The Condition '{0}' is invalid,Validate Components and Quantities Per BOM,
The File URL you've entered is incorrect,Validate Frappe Mail Settings,
The Next Scheduled Date cannot be later than the End Date.,Validate Selling Price for Item Against Purchase Rate or Valuation Rate,
The Push Relay Server URL key (`push_relay_server_url`) is missing in your site config,Validity Details,
The User record for this request has been auto-deleted due to inactivity by system admins.,Valuation Field Type,
"The application has been updated to a new version, please refresh this page",Valuation Rate for the Item {0} is required to do accounting entries for {1} {2}.,
The application name will be used in the Login page.,Valuation Rate is mandatory if Opening Stock entered,
The attachments could not be correctly linked to the new document,Valuation Rate required for Item {0} at row {1},
"The browser API key obtained from the Google Cloud Console under <a href=""https://console.cloud.google.com/apis/credentials"">
""APIs &amp; Services"" &gt; ""Credentials""
</a>",Valuation and Total,
The changes have been reverted.,Valuation rate for customer provided items has been set to zero.,
The column {0} has {1} different date formats. Automatically setting {2} as the default format as it is the most common. Please change other values in this column to this format.,Valuation rate for the item as per Sales Invoice (Only for Internal Transfers),
The comment cannot be empty,Valuation type charges cannot be marked as Inclusive,
The contents of this email are strictly confidential. Please do not forward this email to anyone.,Valuation type charges cannot be marked as Inclusive,
The count shown is an estimated count. Click here to see the accurate count.,Value,
The country's ISO 3166 ALPHA-2 code.,Value (G - D),
The document could not be correctly assigned,Value Or Qty,
The document has been assigned to {0},Value Proposition,
"The document type selected is a child table, so the parent document type is required.",Value To Be Set,
The field {0} is mandatory,Value for a check field can be either 0 or 1,
The fieldname you've specified in Attached To Field is invalid,Value for field {0} is too long in {1}.,
The following Assignment Days have been repeated: {0},Variable Name,
The following Header Script will add the current date to an element in 'Header HTML' with class 'header-content',Variables,
The following values are invalid: {0}. Values must be one of {1},Variant Based On,
The following values do not exist for {0}: {1},Variant Based On cannot be changed,
The limit has not set for the user type {0} in the site config file.,Verification Code,
The link will expire in {0} minutes,Verification Link,
The link you trying to login is invalid or expired.,Verification code email not sent.,
"The meta description is an HTML attribute that provides a brief summary of a web page. Search engines such as Google often display the meta description in search results, which can influence click-through rates.",A verification code has been sent to your registered email address.,
"The meta image is unique image representing the content of the page. Images for this Card should be at least 280px in width, and at least 150px in height.",Verification failed; please check the link.,
The name that will appear in Google Calendar,Verify,
The next tour will start from where the user left off.,Verifying...,
The number of seconds until the request expires,Version,
The password of your account has expired.,Video URL,
The process for deletion of {0} data associated with {1} has been initiated.,View Chart of Accounts,
"The project number obtained from Google Cloud Console under <a href=""https://console.cloud.google.com/iam-admin/settings"">
""IAM &amp; Admin"" &gt; ""Settings""
</a>",View Comment,
The reset password link has been expired,View File,
The reset password link has either been used before or is invalid,View Full Log,
The resource you are looking for is not available,View General Ledger,
The role {0} should be a custom role.,View Goals,
The selected document {0} is not a {1}.,View List,
The system is being updated. Please refresh again after a few moments.,View attachments,
The system provides many pre-defined roles. You can add new roles to set finer permissions.,View call log,
The total number of user document types limit has been crossed.,Violet,
The user from this field will be rewarded points,Virtual DocType {} requires overriding an instance method called {} found {},
The value you pasted was {0} characters long. Max allowed characters is {1}.,Visit Web Page,
The webhook will be triggered if this expression is true,Voice,
The {0} is already on auto repeat {1},Voucher,
Theme,Voucher Name,
Theme Changed,Voucher No,
Theme Configuration,Voucher No is mandatory,
Theme URL,Voucher Qty,
There are documents which have workflow states that do not exist in this Workflow. It is recommended that you add these states to the Workflow and change their states before removing these states.,Voucher-wise Balance,
There are no upcoming events for you.,Wages,
"There are no {0} for this {1}, why don't you start one!",Waiting for payment...,
There are {0} with the same filters already in the queue:,Warehouse,
There can be only 9 Page Break fields in a Web Form,Warehouse Contact Info,
There can be only one Fold in a form,Warehouse Detail,
There is an error in your Address Template {0},Warehouse Type,
There is no data to be exported,Warehouse cannot be deleted as a stock ledger entry exists for this warehouse.,
There is nothing new to show you right now.,Warehouse cannot be changed for Serial No.,
There is some problem with the file url: {0},Warehouse is mandatory,
There is {0} with the same filters already in the queue:,Warehouse not found against the account {0},
There must be atleast one permission rule.,Warehouse required for stock Item {0},
There was an error building this page,Warehouse {0} does not belong to Company {1}.,
There was an error saving filters,Warehouse {0} is not allowed for Sales Order {1}; it should be {2},
There were errors,Warehouses with child nodes cannot be converted to ledger,
There were errors while creating the document. Please try again.,Warehouses with existing transactions cannot be converted to group.,
There were errors while sending email. Please try again.,Warehouses with existing transactions cannot be converted to ledger.,
"There were some errors setting the name, please contact the administrator",Warn POs,
These announcements will appear inside a dismissible alert below the Navbar.,Warn RFQs,
These settings are required if 'Custom' LDAP Directory is used,Warn for new Request for Quotations,
These values will be automatically updated in transactions and also will be useful to restrict permissions for this user on transactions containing these values.,Warning,
Third Party Apps,Warning - Row {0}: Billing Hours are more than Actual Hours,
Third Party Authentication,Warning on Negative Stock,
This Currency is disabled. Enable to use in transactions,Warning: Another {0} # {1} exists against stock entry {2},
This Doctype does not contain latitude and longitude fields,Warning: DATA LOSS IMMINENT! Proceeding will permanently delete the following database columns from doctype {0}:,
This Doctype does not contain location fields,Warning: Insufficient leave balance for Leave Type {0} in this allocation.,
This Kanban Board will be private,Warning: Material Requested Qty is less than Minimum Order Qty,
This Month,Warning: Naming is not set,
This Quarter,Warning: Updating counter may lead to document name conflicts if not done properly,
This Week,Warranty / AMC Status,
This Year,Warranty Expiry Date,
This action is irreversible. Do you wish to continue?,Warranty Period (Days),
This action is only allowed for {},Warranty Period (in days),
This cannot be undone,We do not allow editing of this document. Simply click the Edit button on the workspace page to make your workspace editable and customise it as you wish.,
This card will be available to all Users if this is set,We have received a request for deletion of {0} data associated with: {1},
This chart will be available to all Users if this is set,We have received a request from you to download your {0} data associated with: {1},
This doctype has no orphan fields to trim,Weak,
"This doctype has pending migrations, run 'bench migrate' before modifying the doctype to avoid losing changes.",Web Form,
This document can not be deleted right now as it's being modified by another user. Please try again after some time.,Web Form Field,
This document cannot be reverted,Web Form Fields,
This document has been modified after the email was sent.,Web Form List Column,
This document has been reverted,Web Page,
This document has unsaved changes which might not appear in final PDF. <br> Consider saving the document before printing.,Web Page Block,
"This document is already amended, you cannot ammend it again",Web Page URL,
This document is currently locked and queued for execution. Please try again after some time.,Web Page View,
This email is autogenerated,Web Template Field,
"This feature can not be used as dependencies are missing.
				Please contact your system manager to enable this by installing pycups!",Webhook Data,
This feature is brand new and still experimental,Webhook Header,
"This field will appear only if the fieldname defined here has value OR the rules are true (examples):
myfield
eval:doc.myfield=='My Value'
eval:doc.age&gt;18",Webhook Secret,
This file is attached to a protected document and cannot be deleted.,Webhook Security,
This file is public. It can be accessed without authentication.,Webhook Trigger,
This form has been modified after you have loaded it,Website,
This form is not editable due to a Workflow.,Website Analytics,
This format is used if country specific format is not found,Website Attribute,
This geolocation provider is not supported yet.,Website Description,
This goes above the slideshow.,Website Filter Field,
This is a background report. Please set the appropriate filters and then generate a new one.,Website Item Group,
This is a top-10 common password.,Website Slideshow Item,
This is a top-100 common password.,Website Specifications,
This is a very common password.,Website Theme,
This is a virtual doctype and data is cleared periodically.,Website Theme Ignore App,
This is an automatically generated reply,Website Theme Image,
This is an example Google SERP Preview.,Welcome URL,
This is similar to a commonly used password.,"""When enabled, this will allow guests to upload files to your application. You can enable this if you wish to collect files from users without having them log in, for example, in job applications web form.""",
This is the number of the last created transaction with this prefix,"""When sending a document using email, store the PDF on Communication. Warning: This can increase your storage usage.""",
This link has already been activated for verification.,"""When uploading files, force the use of the web-based image capture. If this is unchecked, the default behaviour is to use the mobile native camera when use from a mobile is detected.""",
This link is invalid or expired. Please make sure you have pasted correctly.,"""When you amend a document after cancelling and saving it, it will get a new number that is a version of the old number.""",
This may get printed on multiple pages,Whereas allocation for Compensatory Leaves is automatically created or updated on submission of Compensatory Leave Request.,
This month,"""While creating an account for Child Company {0}, parent account {1} found as a ledger account.""",
This newsletter is scheduled to be sent on {0},"""While creating an account for Child Company {0}, parent account {1} not found. Please create the parent account in the corresponding COA.""",
This newsletter was scheduled to send on a later date. Are you sure you want to send it now?,"""While making a Purchase Invoice from Purchase Order, use Exchange Rate on Invoice's transaction date rather than inheriting it from Purchase Order. Only applies for Purchase Invoice.""",
"This report contains {0} rows and is too big to display in browser, you can {1} this report instead.",Why is this Candidate Qualified for this Position?,
This report was generated on {0},Widowed,
This report was generated {0}.,Width,
This request has not yet been approved by the user.,Width (cm),
"This site is in read only mode, full functionality will be restored soon.",Withdrawal,
This site is running in developer mode. Any change made here will be updated in code.,Withheld,
This software is built on top of many open source packages.,Work Anniversaries,
This title will be used as the title of the webpage as well as in meta tags,Work Done,
This value is fetched from {0}'s {1} field,Work Experience Calculation Method,
"This will be automatically generated when you publish the page, you can also enter a route yourself if you wish",Work In Progress,
This will be shown in a modal after routing,Work In Progress Warehouse,
This will be shown to the user in a dialog after routing to the report,Work Order,
This will log out {0} from all other devices,Work Order / Subcontract PO,
This will permanently remove your data.,Work Order Consumed Materials,
This will reset this tour and show it to all users. Are you sure?,Work Order Item,
Throttled,Work Order cannot be raised against an Item Template,
Thumbnail URL,Work Order not created,
Thursday,Work Order {0}: Job Card not found for the operation {1},
Time,Work Orders Created: {0},
Time Format,Work Summary for {0},
Time Interval,Work-in-Progress Warehouse,
Time Series,Workday {0} has been repeated.,
Time Series Based On,Worked On Holiday,
Time Taken,Workflow Action,
Time Window (Seconds),Workflow Action Permitted Role,
Time Zone,Workflow Action is not created for optional states,
Time Zones,Workflow Builder,
Time format,Workflow Data,
Time in Queries,Workflow Details,
Time in seconds to retain QR code image on server. Min:<strong>240</strong>,Workflow State,
Time series based on is required to create a dashboard chart,Workflow State not set,
Time {0} must be in format: {1},Workflow Transition,
Timed Out,Workflow updated successfully,
Timeless Night,Working,
Timeline,Working Days,
Timeline DocType,Working Days and Hours,
Timeline Field,Working Hours,
Timeline Links,Working Hours Calculation Based On,
Timeline Name,Working Hours Threshold for Absent,
Timeline field must be a Link or Dynamic Link,Working Hours Threshold for Half Day,
Timeline field must be a valid fieldname,Working hours below which Absent is marked. (Zero to disable),
Timeout,Workshop,
Timeout (In Seconds),Workspace,
Timeseries,Workspace Custom Block,
Timespan,Workspaces,
Timestamp,Workstation,
Title,Workstation Dashboard,
Title Field,Workstation Name,
Title Prefix,Workstation Status,
Title field must be a valid fieldname,Workstation Type,
Title of the page,Workstation Working Hour,
To,Workstation is closed on the following dates as per Holiday List: {0},
To Date,Write Off,
To Date Field,Write Off Account,
To Do,Wrong Fetch From value,
To User,Yes,
To allow more reports update limit in System Settings.,You are not allowed to print this report.,
To and CC,You are not authorised to add or update entries before {0}.,
"To begin the date range at the start of the chosen period. For example, if 'Year' is selected as the period, the report will start from January 1st of the current year.",You are not connected to the Internet. Please retry after some time.,
"To configure Auto Repeat, enable ""Allow Auto Repeat"" from {0}.",You are not permitted to access this page.,
To enable it follow the instructions in the following link: {0},You can add dynamic properties from the document by using Jinja templating.,
"To enable server scripts, read the {0}.",You can add the original invoice {} manually to proceed.,
"To export this step as JSON, link it in a Onboarding document and save the document.",You can also access wkhtmltopdf variables (valid only in PDF print):,
"To get the updated report, click on {0}.",You can also copy-paste the following link in your browser.,
To print output use <code>print(text)</code>,You can claim only an amount of {0}; the rest amount {1} should be in the application as a pro-rata component.,
"To set the role {0} in the user {1}, kindly set the {2} field as {3} in one of the {4} record.",You can continue with the onboarding after exploring this page.,
"To use Google Calendar, enable {0}.",You cannot define multiple slabs if you have a slab with no lower and upper limits.,
"To use Google Contacts, enable {0}.",You cannot enter the current voucher in the 'Against Journal Entry' column.,
"To use Google Drive, enable {0}.",You cannot request your Default Shift: {0}.,
"To use Google Indexing, enable <a href=""/app/google-settings"">Google Settings</a>.",You can only have Plans with the same billing cycle in a Subscription.,
"To use Slack Channel, add a <a href=""#List/Slack%20Webhook%20URL/List"">Slack Webhook URL</a>.",You can only insert images in Markdown fields.,
To version,You can only redeem a maximum of {0} points in this order.,
ToDo,You can only submit Leave Encashment for a valid encashment amount.,
Today,"""You can only upload JPG, PNG, PDF, TXT or Microsoft documents.""",
Toggle Chart,You can select one from the following.,
Toggle Full Width,You can set a high value here if multiple users will be logging in from the same network.,
Toggle Grid View,"""You can set it as a machine name or operation type. For example, stitching machine 12.""",
Toggle Sidebar,You can use Customize Form to set levels on fields.,Button in list view menu
Toggle Theme,You can use wildcard %.,
Token,You can't make any changes to the Job Card since the Work Order is closed.,
Token Cache,"""You can't process the serial number {0} as it has already been used in the SABB {1}. {2} If you want to inward the same serial number multiple times, then enable 'Allow existing Serial No to be Manufactured/Received again' in the {3}.""",
Token Type,You can't redeem Loyalty Points having more value than the Rounded Total.,
Token URI,You can't set 'Options' for field {0}.,
Token is missing,You can't set 'Translatable' for field {0}.,
Too Many Documents,You cancelled this document.,
Too Many Requests,You cancelled this document {1}.,
Too many changes to database in single action.,You cannot change the rate if BOM is mentioned against any Item.,
Too many queued background jobs ({0}). Please retry after some time.,You cannot create a {0} within the closed Accounting Period {1}.,
"Too many users signed up recently, so the registration is disabled. Please try back in an hour",You cannot create or cancel any accounting entries within the closed Accounting Period {0}.,
Top,You cannot credit and debit the same account at the same time.,
Top 10,You cannot delete Project Type 'External'.,
Top Bar Item,You cannot edit the root node.,
Top Bar Items,You cannot give review points to yourself.,
Top Center,You cannot redeem more than {0}.,
Top Errors,You cannot repost item valuation before {}.,
Top Left,You cannot restart a Subscription that is not cancelled.,
Top Performer,You cannot submit an empty order.,
Top Reviewer,You cannot submit the order without payment.,
Top Right,You cannot unset 'Read Only' for field {0}.,
Top {0},You cannot {0} this document because another Period Closing Entry {1} exists after {2}.,
Topic,You changed the value of {0}.,
Total,You changed the value of {0} {1}.,
Total Background Workers,You have been invited to collaborate on the project {0}.,
Total Errors (last 1 day),"""You need to have """"Share"""" permission""",
Total Images,YouTube Interactions,
Total Outgoing Emails,Your verification code is {0},
Total Recipients,deferred,
Total Subscribers,"""e.g. """"Summer Holiday 2019 Offer 20""""""",
Total Users,emacs,
Total Views,envelope,
Total Working Time,exclamation-sign,
Total:,globe,
Totals,goal,
Totals Row,goals,
Trace ID,grey,
Traceback,grey,
Track Changes,gzip not found in PATH! This is required to take a backup.,
Track Email Status,h,
Track Field,hand-down,
Track Seen,hand-left,
Track Steps,hdd,
Track Views,headphones,
"Track if your email has been opened by the recipient.
<br>
Note: If you're sending to multiple recipients, even if 1 recipient reads the email, it'll be considered ""Opened""",heart,
Track milestones for any document,heatmap-legend-unit,
Tracking URL generated and copied to clipboard,hub,
Transaction Hash,login_required,
Transaction Log,magnet,
Transaction Log Report,map-marker,
Transgender,on_cancel,
Transition Properties,on_trash,
Transition Rules,on_update,
Transitions,on_update_after_submit,
Translatable,or,
Translate Data,or for the Employee's Department: {0},
Translate Link Fields,or its descendants,
Translate values,orange,
Translate {0},out of 5,
Translated Text,p,
Translation,page,
Translations,paid to,
Trash,picture,
Tree,processed,
Tree View,production,
Tree structures are implemented using Nested Set,purple,
Tree view is not available for {0},qrcode,
Trigger Method,red,
Trigger Primary Action,refresh,
Trigger caching,remove,
"Trigger on valid methods like ""before_insert"", ""after_update"", etc (will depend on the DocType selected)",remove-circle,
Trim Table,remove-sign,
Try Again,removed rows for {0},
Try a Naming Series,renamed from {0} to {1},
Try the new Print Designer,repeat,
Try to avoid repeated words and characters,report,
Try to use a longer keyboard pattern with more turns,resize-full,
Tuesday,resize-horizontal,
Two Factor Authentication,resize-vertical,
Two Factor Authentication method,response,
Type,result,
Type Distribution,results,
Type a reply / comment,review,
Type something in the search box to search,s256,
Type title,sandbox,
Type your reply here...,scheduled,
Type:,screenshot,
UI Tour,short,
UID,signal,
UIDNEXT,since last month,
UIDVALIDITY,since last week,
UNSEEN,since last year,
"URIs for receiving authorization code once the user allows access, as well as failure responses. Typically a REST endpoint exposed by the Client App.
<br>e.g. http://hostname/api/method/frappe.integrations.oauth2_logins.login_via_facebook",submit,
URL,subscription is already cancelled.,
URL for documentation or help,tag,
URL must start with http:// or https://,tag name... e.g. #tag,
URL of the page,tags,
URL to go to on clicking the slideshow image,target_ref_field,
UTM Campaign,tasks,
UTM Medium,temporary name,
UTM Source,text in document type,
UUID,text-height,
Un-following document {0},text-width,
Unable to find DocType {0},th-list,
Unable to load camera.,tint,
Unable to load: {0},title,
Unable to open attached file. Did you export it as CSV?,to,
Unable to read file format for {0},to unallocate the amount of this Return Invoice before cancelling it.,
Unable to send mail because of a missing email account. Please setup default Email Account from Settings > Email Account,twitter,
Unable to update event,unique e.g. SAVE20 To be used to get discount,
Unable to write file format for {0},updated to {0},
Unassign Condition,user,
Uncaught Exception,version_table,
Unchanged,via Assignment Rule,
Undo,volume-down,
Undo last action,volume-off,
Unfollow,volume-up,
Unhandled Email,wants to access the following details from your account,
Unhandled Emails,warning-sign,
Unique,when clicked on element it will focus popover if present.,
Unknown,wrench,
Unknown Column: {0},yellow,
Unknown Rounding Method: {},yesterday,
Unknown User,you must select Capital Work in Progress Account in accounts table,
Unknown file encoding. Tried to use: {0},yyyy-mm-dd,
Unlock Reference Document,{0} '{1}' not in Fiscal Year {2},
Unpublish,{0} Appraisal(s) are not submitted yet,
Unread,{0} Calendar,
Unread Notification Sent,{0} Chart,
Unsafe SQL query,{0} Number {1} is already used in {2} {3},
Unselect All,{0} Reports,
Unshared,{0} Row #{1}: {2} needs to be enabled for the formula to be considered.,
Unsubscribe,{0} already has an active Shift Assignment {1} for some/all of these dates.,
Unsubscribe Method,{0} can not be more than {1},
Unsubscribe Params,{0} can not be negative,
Unsubscribed,{0} cancelled this document {1},
Untitled Column,{0} contains an invalid Fetch From expression. Fetch From can't be self-referential.,
Unzip,{0} criticised on {1},
Unzipped {0} files,{0} criticised your work on {1} with {2} point,
Unzipping files...,{0} criticised your work on {1} with {2} points,
Upcoming Events for Today,"""{0} currently has a {1} Supplier Scorecard standing, and RFQs to this supplier should be issued with caution.""",
Update,{0} does not exist in row {1},
Update Amendment Naming,{0} field cannot be set as unique in {1} as there are non-unique existing values,
Update Existing Records,{0} has left the conversation in {1} {2},
Update Field,{0} has {1} enabled,
Update Hooks Resolution Order,{0} hours,
Update Order,{0} in row {1},
Update Password,{0} is a mandatory Accounting Dimension. <br>Please set a value for {0} in the Accounting Dimensions section.,
Update Series Counter,{0} is an invalid email address in 'Recipients',
Update Series Number,{0} is between {1} and {2},
Update Settings,{0} is blocked so this transaction cannot proceed,
Update Translations,{0} is greater than {1},
Update Value,{0} is less than {1},
Update from Frappe Cloud,{0} is mandatory,
Update {0} records,{0} is not a company bank account,
Updated,{0} is not a field of doctype {1},
Updated Successfully,{0} is not a group node. Please select a group node as parent cost centre,
Updated To A New Version \u{1F389},{0} is not a holiday.,
Updated To A New Version 🎉,{0} is not a raw printing format.,
Updated successfully,{0} is not a valid Calendar. Redirecting to default Calendar.,
Updating,{0} is not a valid Name,Freeze message while updating a document
Updating Email Queue Statuses. The emails will be picked up in the next scheduled run.,{0} is not a valid Phone Number,
Updating counter may lead to document name conflicts if not done properly,{0} is not a valid parent DocType for {1},
Updating global settings,{0} is not a valid parent field for {1},
Updating naming series options,{0} is not a valid report format. Report format should be one of the following {1},
Updating related fields...,{0} is not a zip file,
Updating {0},{0} is not added in the table,
"Updating {0} of {1}, {2}",{0} is not allowed to submit Interview Feedback for the Interview: {1},
Upgrade plan,{0} is not enabled in {1},
Upgrade your support experience with Frappe Helpdesk,{0} is not equal to {1},
Upload,{0} is not in the Optional Holiday List,
Upload Image,{0} is not running. Cannot trigger events for this Document,
Upload file,{0} is not the default supplier for any items.,
Upload {0} files,{0} is on hold till {1},
Uploaded To Dropbox,{0} is one of {1},
Uploaded To Google Drive,{0} is required,
Uploading backup to Google Drive.,{0} is set,
Uploading successful.,{0} is within {1},
Uploading to Google Drive,{0} items in progress,
Use % for any non empty value.,{0} last edited this,
Use ASCII encoding for password,{0} leaves from allocation for {1} leave type have expired and will be processed during the next scheduled job. It is recommended to expire them now before creating new leave policy assignments.,
Use First Day of Period,{0} m,
Use HTML,{0} months ago,
Use IMAP,{0} must be beginning with '{1}',
Use Number Format from Currency,{0} must be none of {1},
Use POST,{0} must be one of {1},
Use Report Chart,{0} must be set first,
Use SSL,{0} must be submitted,
Use STARTTLS,{0} must be unique,
Use TLS,{0} not allowed to be renamed,
"Use a few words, avoid common phrases.",{0} not found,
Use different Email ID,{0} of {1},
Use if the default settings don't seem to detect your data correctly,{0} of {1} Completed,
Use of function {0} in field is restricted,{0} of {1} sent,
Use of sub-query or function is restricted,{0} only.,
Use the new Print Format Builder,{0} or {1},
Use this fieldname to generate title,{0} parameter is invalid,
"Use this, for example, if all sent emails should also be send to an archive.",{0} payment entries cannot be filtered by {1},
Used OAuth,{0} records are retained for {1} days.,
User,{0} removed attachment {1},
User '{0}' already has the role '{1}',{0} removed their assignment.,
User Agent,{0} reverted your point on {1},
User Cannot Create,{0} reverted your points on {1},
User Cannot Search,{0} reverted {1},
User Changed,{0} role does not have permission on any doctype,
User Defaults,{0} row #{1}:,
User Details,{0} saved successfully,
User Doctype Permissions,{0} self assigned this task: {1},
User Document Type,{0} shared a document {1} {2} with you,
User Document Types Limit Exceeded,{0} shared this document with everyone,
User Email,{0} shared this document with {1},
User Emails,{0} should be indexed because it's referred in dashboard connections,
User Field,{0} should not be same as {1},
User Group,{0} submitted this document {1},
User Group Member,{0} subscribers added,
User Group Members,{0} to stop receiving emails of this type,
User ID,{0} to {1},
User ID Property,{0} to {1} employee(s)?,
User ID of a Blogger,{0} units are reserved for Item {1} in Warehouse {2} please un-reserve the same to {3} the Stock Reconciliation.,
User Id,{0} units of Item {1} is not available in any of the warehouses.,
User Id Field,{0} units of Item {1} is picked in another Pick List.,
User Id Field is mandatory in the user type {0},{0} units of {1} are required in {2} with the inventory dimension: {3} ({4}) on {5} {6} for {7} to complete the transaction.,
User Image,{0} units of {1} needed in {2} on {3} {4} for {5} to complete this transaction.,
User Menu,{0} units of {1} needed in {2} on {3} {4} to complete this transaction.,
User Name,{0} units of {1} needed in {2} to complete this transaction.,
User Permission,{0} until {1},
User Permissions,{0} updated,
User Permissions are used to limit users to specific records.,{0} vacancies and {1} budget for {2} already planned for subsidiary companies of {3}. You can only plan for up to {4} vacancies and budget {5} as per staffing plan {6} for parent company {3}.,
User Permissions created successfully,{0} valid serial nos for Item {1},
User Profile,{0} values selected,
User Role,{0} w,
User Role Profile,{0} weeks ago,
User Select Document Type,{0} will be given as discount.,
User Settings,{0} will be updated for the following Salary Structures: {1}.,
User Social Login,{0} y,
User Tags,{0} years ago,
User Type,{0} {1},
User Type Module,{0} {1} Manually,
User can login using Email id or Mobile number,{0} {1} Partially Reconciled,
User can login using Email id or User Name,{0} {1} added,
User does not exist,{0} {1} added to Dashboard {2},
User does not exist.,{0} {1} already exists,
User does not have permission to create the new {0},"""{0} {1} cannot be """"{2}"""". It should be one of """"{3}""""""",
User is mandatory for Share,"""{0} {1} cannot be updated. If you need to make changes, we recommend cancelling the existing entry and creating a new one.""",
User must always select,{0} {1} created,
User permission already exists,{0} {1} does not exist,
User with email address {0} does not exist,"""{0} {1} does not exist, select a new target to merge""",
User with email: {0} does not exist in the system. Please ask 'System Administrator' to create the user for you.,{0} {1} has accounting entries in currency {2} for company {3}. Please select a receivable or payable account with currency {2}.,
User {0} cannot be deleted,{0} {1} has already been fully paid.,
User {0} cannot be disabled,{0} {1} has already been partly paid. Please use the 'Get Outstanding Invoice' or the 'Get Outstanding Orders' button to get the latest outstanding amounts.,
User {0} cannot be renamed,{0} {1} has been modified. Please refresh.,
User {0} does not have access to this document,{0} {1} is allocated twice in this Bank Transaction,
User {0} does not have doctype access via role permission for document {1},{0} {1} is already linked to Common Code {2}.,
User {0} does not have the permission to create a Workspace.,"""{0} {1} is associated with {2}, but Party Account is {3}""",
User {0} has requested for data deletion,{0} {1} is cancelled or stopped,
User {0} impersonated as {1},{0} {1} is cancelled so the action cannot be completed,
User {0} is disabled,{0} {1} is disabled,
User {0} is disabled. Please contact your System Manager.,{0} {1} is frozen,
User {0} is not permitted to access this document.,{0} {1} is fully billed,
Userinfo URI,{0} {1} is not in any active Fiscal Year,
Username,{0} {1} is not submitted,
Username {0} already exists,{0} {1} is on hold,
Users,{0} {1} must be submitted,
Users are only able to delete attached files if the document is either in draft or if the document is canceled and they are also able to delete the document.,{0} {1} not allowed to be reposted. Modify {2} to enable reposting.,
Users assigned to the reference document will get points.,{0} {1} not found,
Users with role {0}:,{0} {1} {2}?,
Uses system's theme to switch between light and dark mode,{0} {1}: Account {2} is inactive,
Using this console may allow attackers to impersonate you and steal your information. Do not enter or paste code that you do not understand.,{0} {1}: Cost Centre is mandatory for Item {2},
Utilization,{0} {1}: Cost Centre {2} is a group cost centre and group cost centres cannot be used in transactions,
Utilization %,{0} {1}: Customer is required against Receivable account {2},
Valid,{0} Row {1},
Valid Login id required.,{0}: Cannot set Amend without Cancel,
Valid email and name required,"""{0}: Cannot set Submit, Cancel, Amend without Write""",
Validate Field,{field_label} is mandatory for sub-contracted {doctype}.,
Validate Frappe Mail Settings,{item_name}'s Sample Size ({sample_size}) cannot be greater than the Accepted Quantity ({accepted_quantity}),
Validate SSL Certificate,It should be {{field_name}}.,
Validation Error,{} can't be cancelled since the Loyalty Points earned have been redeemed. First cancel the {} No {},
Validity,{} does not support automated log clearing.,
